employee_number,first_name,last_name,email,title,access_level
EMP003037,Juliana,Burbudge,juliana.burbudge@consultants.com,Director of Sales,Approval - Manager
EMP003045,Lizzie,Blue,lizzie.blue@consultants.com,Sales Assistant,Contract Entry
EMP003051,Marjory,Selcraig,marjory.selcraig@consultants.com,Sales Assistant,Contract Entry
EMP003068,Aguste,O'Connor,aguste.o'connor@consultants.com,Sales Assistant,Contract Entry
EMP003097,Clemens,Kopman,clemens.kopman@consultants.com,Account Manager,Account Admin
EMP003133,Donielle,Midgley,donielle.midgley@consultants.com,Sales Assistant,Contract Entry
EMP003134,Marcela,Thieme,marcela.thieme@consultants.com,Sales Assistant,Contract Entry
EMP003180,Haily,Wadeson,haily.wadeson@consultants.com,Sales Assistant,Contract Entry
EMP003265,Natala,Judd,natala.judd@consultants.com,Director of Sales,Approval - Manager
EMP003287,Gayla,Aldin,gayla.aldin@consultants.com,Sales Assistant,Contract Entry
EMP003291,Gweneth,Abbate,gweneth.abbate@consultants.com,Account Manager,Account Admin
EMP003299,Nerte,Luipold,nerte.luipold@consultants.com,Account Manager,Account Admin
EMP003308,Vere,Gateman,vere.gateman@consultants.com,Account Manager,Account Admin
EMP003344,Cristie,Greenier,cristie.greenier@consultants.com,Sales Assistant,Contract Entry
EMP003390,Reuben,Huetson,reuben.huetson@consultants.com,Account Manager,Account Admin
EMP003404,Randie,Dimbylow,randie.dimbylow@consultants.com,Sales Assistant,Contract Entry
EMP003433,Becka,Crutchley,becka.crutchley@consultants.com,Account Manager,Account Admin
EMP003434,Elwira,Hedden,elwira.hedden@consultants.com,Account Manager,Account Admin
EMP003437,Harrie,Daber,harrie.daber@consultants.com,Sales Assistant,Contract Entry
EMP003452,Cordy,Di Boldi,cordy.di boldi@consultants.com,Sales Assistant,Contract Entry
EMP003482,Gil,Wife,gil.wife@consultants.com,Account Manager,Account Admin
EMP003532,Debbie,Linnett,debbie.linnett@consultants.com,Sales Assistant,Contract Entry
EMP003588,Beverlie,Meindl,beverlie.meindl@consultants.com,Sales Assistant,Contract Entry
EMP003605,Jany,Bianco,jany.bianco@consultants.com,Sales Assistant,Contract Entry
EMP003664,Nicola,Odgaard,nicola.odgaard@consultants.com,Sales Assistant,Contract Entry
EMP003668,Mara,Hassard,mara.hassard@consultants.com,Account Manager,Account Admin
EMP003684,Annmarie,Scrange,annmarie.scrange@consultants.com,Director of Sales,Approval - Manager
EMP003691,Aldridge,des Remedios,aldridge.des remedios@consultants.com,Account Manager,Account Admin
EMP003713,Marybeth,Driussi,marybeth.driussi@consultants.com,Account Manager,Account Admin
EMP003734,Lewes,Beadles,lewes.beadles@consultants.com,Account Manager,Account Admin
EMP003737,Brandyn,Linnit,brandyn.linnit@consultants.com,Account Manager,Account Admin
EMP003765,Auberta,Arens,auberta.arens@consultants.com,Account Manager,Account Admin
EMP003773,Ches,Chidlow,ches.chidlow@consultants.com,Sales Assistant,Contract Entry
EMP003783,Laure,Blakeway,laure.blakeway@consultants.com,Account Manager,Account Admin
EMP003789,Sheila,McMeekin,sheila.mcmeekin@consultants.com,Account Manager,Account Admin
EMP003874,Robinetta,Levet,robinetta.levet@consultants.com,Account Manager,Account Admin
EMP003886,La verne,Jorn,la verne.jorn@consultants.com,Account Manager,Account Admin
EMP003889,Richie,Gorry,richie.gorry@consultants.com,Account Manager,Account Admin
EMP003921,Sigfried,McTear,sigfried.mctear@consultants.com,Director of Sales,Approval - Manager
EMP003925,Merilee,Dominguez,merilee.dominguez@consultants.com,Sales Assistant,Contract Entry
EMP003941,Franciskus,Langland,franciskus.langland@consultants.com,Account Manager,Account Admin
EMP003950,Briano,Buey,briano.buey@consultants.com,Account Manager,Account Admin
EMP003952,Shandee,Apfler,shandee.apfler@consultants.com,Director of Sales,Approval - Manager
EMP003957,Gerianne,Behnecken,gerianne.behnecken@consultants.com,Director of Sales,Approval - Manager
EMP003969,Valentine,Giddens,valentine.giddens@consultants.com,Account Manager,Account Admin
EMP004001,Lanna,Bredbury,lanna.bredbury@consultants.com,Sales Assistant,Contract Entry
EMP004037,Arnaldo,Snugg,arnaldo.snugg@consultants.com,Account Manager,Account Admin
EMP004042,Amerigo,Carette,amerigo.carette@consultants.com,Sales Assistant,Contract Entry
EMP004072,Ethelind,Bostick,ethelind.bostick@consultants.com,Sales Assistant,Contract Entry
EMP004074,Joachim,Kilmurry,joachim.kilmurry@consultants.com,Account Manager,Account Admin
EMP004076,Bengt,Pogosian,bengt.pogosian@consultants.com,Sales Assistant,Contract Entry
EMP004085,Shurlock,Mitcheson,shurlock.mitcheson@consultants.com,Sales Assistant,Contract Entry
EMP004098,Guss,Soames,guss.soames@consultants.com,Director of Sales,Approval - Manager
EMP004113,Tiphani,Witter,tiphani.witter@consultants.com,Sales Assistant,Contract Entry
EMP004185,Cory,Carter,cory.carter@consultants.com,Account Manager,Account Admin
EMP004254,Seward,Massen,seward.massen@consultants.com,Sales Assistant,Contract Entry
EMP004264,Ardisj,Erickson,ardisj.erickson@consultants.com,Sales Assistant,Contract Entry
EMP004278,Mozes,Veldman,mozes.veldman@consultants.com,Sales Assistant,Contract Entry
EMP004348,Kelsey,Buntine,kelsey.buntine@consultants.com,Account Manager,Account Admin
EMP004349,Zak,Rigney,zak.rigney@consultants.com,Account Manager,Account Admin
EMP004350,Ariela,Smorthit,ariela.smorthit@consultants.com,Sales Assistant,Contract Entry
EMP004407,Caresse,Stookes,caresse.stookes@consultants.com,Sales Assistant,Contract Entry
EMP004426,Tory,Houlson,tory.houlson@consultants.com,Account Manager,Account Admin
EMP004428,Andris,Reekie,andris.reekie@consultants.com,Sales Assistant,Contract Entry
EMP004456,Theresita,Grinval,theresita.grinval@consultants.com,Director of Sales,Approval - Manager
EMP004461,Josselyn,Ivanchov,josselyn.ivanchov@consultants.com,Sales Assistant,Contract Entry
EMP004476,Danya,Mote,danya.mote@consultants.com,Sales Assistant,Contract Entry
EMP004511,Amandy,De Lacey,amandy.de lacey@consultants.com,Sales Assistant,Contract Entry
EMP004514,Sylvester,Santacrole,sylvester.santacrole@consultants.com,Account Manager,Account Admin
EMP004523,Ursuline,Shirley,ursuline.shirley@consultants.com,Account Manager,Account Admin
EMP004541,Cyb,Bellhouse,cyb.bellhouse@consultants.com,Sales Assistant,Contract Entry
EMP004594,Janet,Eckart,janet.eckart@consultants.com,Director of Sales,Approval - Manager
EMP004608,Loni,Cough,loni.cough@consultants.com,Account Manager,Account Admin
EMP004613,Lorrie,Trulocke,lorrie.trulocke@consultants.com,Sales Assistant,Contract Entry
EMP004618,Rhodia,Hellier,rhodia.hellier@consultants.com,Account Manager,Account Admin
EMP004633,Vin,Smissen,vin.smissen@consultants.com,Account Manager,Account Admin
EMP004635,Clarette,Tassell,clarette.tassell@consultants.com,Account Manager,Account Admin
EMP004642,Bartolemo,Manwell,bartolemo.manwell@consultants.com,Sales Assistant,Contract Entry
EMP004686,Isabelle,McMillan,isabelle.mcmillan@consultants.com,Account Manager,Account Admin
EMP004700,Leese,Greendale,leese.greendale@consultants.com,Sales Assistant,Contract Entry
EMP004708,Carling,Janecek,carling.janecek@consultants.com,Director of Sales,Approval - Manager
EMP004729,Flossy,Scotts,flossy.scotts@consultants.com,Sales Assistant,Contract Entry
EMP004752,Jewelle,Fibbitts,jewelle.fibbitts@consultants.com,Account Manager,Account Admin
EMP004764,Charlean,Klimke,charlean.klimke@consultants.com,Sales Assistant,Contract Entry
EMP004838,Matty,Vankov,matty.vankov@consultants.com,Account Manager,Account Admin
EMP004870,Nicolina,Glasscock,nicolina.glasscock@consultants.com,Account Manager,Account Admin
EMP004876,Kacie,Daglish,kacie.daglish@consultants.com,Account Manager,Account Admin
EMP004891,Ynez,Ledster,ynez.ledster@consultants.com,Account Manager,Account Admin
EMP004932,Neils,Crosland,neils.crosland@consultants.com,Sales Assistant,Contract Entry
EMP004948,Ted,McNabb,ted.mcnabb@consultants.com,Sales Assistant,Contract Entry
EMP004964,Karyl,Hamberstone,karyl.hamberstone@consultants.com,Director of Sales,Approval - Manager
EMP004973,Rupert,Mynett,rupert.mynett@consultants.com,Account Manager,Account Admin
EMP005006,Kariotta,Curman,kariotta.curman@consultants.com,Account Manager,Account Admin
EMP005023,Corabella,Sibbit,corabella.sibbit@consultants.com,Sales Assistant,Contract Entry
EMP005044,Tonia,Doerffer,tonia.doerffer@consultants.com,Account Manager,Account Admin
EMP005111,Mavra,Vamplus,mavra.vamplus@consultants.com,Sales Assistant,Contract Entry
EMP005132,Omar,Colegate,omar.colegate@consultants.com,Account Manager,Account Admin
EMP005134,Jami,Cornall,jami.cornall@consultants.com,Director of Sales,Approval - Manager
EMP005148,Lucila,Bolderson,lucila.bolderson@consultants.com,Account Manager,Account Admin
EMP005189,Jecho,Francklin,jecho.francklin@consultants.com,Account Manager,Account Admin
EMP005242,Sheilah,Castagne,sheilah.castagne@consultants.com,Director of Sales,Approval - Manager
EMP005259,Chadwick,Seeler,chadwick.seeler@consultants.com,Director of Sales,Approval - Manager
EMP005265,Arturo,McIlwraith,arturo.mcilwraith@consultants.com,Account Manager,Account Admin
EMP005282,Lexis,Roberto,lexis.roberto@consultants.com,Sales Assistant,Contract Entry
EMP005289,Cassandra,Ritmeier,cassandra.ritmeier@consultants.com,Director of Sales,Approval - Manager
EMP005295,Coretta,Andryushin,coretta.andryushin@consultants.com,Sales Assistant,Contract Entry
EMP005323,Brockie,Swateridge,brockie.swateridge@consultants.com,Sales Assistant,Contract Entry
EMP005324,Murry,Zarfat,murry.zarfat@consultants.com,Director of Sales,Approval - Manager
EMP005335,Charmion,Garnall,charmion.garnall@consultants.com,Account Manager,Account Admin
EMP005341,Terra,Jowitt,terra.jowitt@consultants.com,Sales Assistant,Contract Entry
EMP005346,Lazarus,Ortelt,lazarus.ortelt@consultants.com,Sales Assistant,Contract Entry
EMP005368,Vidovik,Caston,vidovik.caston@consultants.com,Sales Assistant,Contract Entry
EMP005398,Cale,Marquet,cale.marquet@consultants.com,Sales Assistant,Contract Entry
EMP005429,Clarance,Sneesbie,clarance.sneesbie@consultants.com,Account Manager,Account Admin
EMP005434,Vittorio,Barkshire,vittorio.barkshire@consultants.com,Account Manager,Account Admin
EMP005484,Rebbecca,Trelevan,rebbecca.trelevan@consultants.com,Account Manager,Account Admin
EMP005507,Nickolas,Fronzek,nickolas.fronzek@consultants.com,Account Manager,Account Admin
EMP005548,Cyndie,Corbridge,cyndie.corbridge@consultants.com,Account Manager,Account Admin
EMP005556,Irina,Lerven,irina.lerven@consultants.com,Director of Sales,Approval - Manager
EMP005561,Perry,Ash,perry.ash@consultants.com,Account Manager,Account Admin
EMP005614,Leonora,Stert,leonora.stert@consultants.com,Sales Assistant,Contract Entry
EMP005668,Simmonds,O'Crigane,simmonds.o'crigane@consultants.com,Sales Assistant,Contract Entry
EMP005770,Marylin,Chaulk,marylin.chaulk@consultants.com,Sales Assistant,Contract Entry
EMP005803,Kiley,Willman,kiley.willman@consultants.com,Sales Assistant,Contract Entry
EMP005804,Selig,Iliffe,selig.iliffe@consultants.com,Account Manager,Account Admin
EMP005816,Mollee,Bahde,mollee.bahde@consultants.com,Account Manager,Account Admin
EMP005835,Kellby,Ludlom,kellby.ludlom@consultants.com,Sales Assistant,Contract Entry
EMP005839,Chanda,Capey,chanda.capey@consultants.com,Account Manager,Account Admin
EMP005855,Marsiella,Diben,marsiella.diben@consultants.com,Account Manager,Account Admin
EMP005872,Jasun,Carnihan,jasun.carnihan@consultants.com,Account Manager,Account Admin
EMP005889,Fanni,Aird,fanni.aird@consultants.com,Director of Sales,Approval - Manager
EMP005915,Cale,Stigger,cale.stigger@consultants.com,Director of Sales,Approval - Manager
EMP005920,Kimberly,Artus,kimberly.artus@consultants.com,Sales Assistant,Contract Entry
EMP005929,Beatrice,Abdee,beatrice.abdee@consultants.com,Sales Assistant,Contract Entry
EMP005934,Zora,Cardenas,zora.cardenas@consultants.com,Sales Assistant,Contract Entry
EMP005941,Drusy,Tramel,drusy.tramel@consultants.com,Account Manager,Account Admin
EMP005975,Shem,Denziloe,shem.denziloe@consultants.com,Account Manager,Account Admin
EMP005992,Delcine,Spurge,delcine.spurge@consultants.com,Account Manager,Account Admin
EMP005993,Isacco,Artis,isacco.artis@consultants.com,Director of Sales,Approval - Manager
EMP006018,Ryan,Daughtrey,ryan.daughtrey@consultants.com,Sales Assistant,Contract Entry
EMP006048,Marylynne,Mannin,marylynne.mannin@consultants.com,Sales Assistant,Contract Entry
EMP006091,Caryn,Spackman,caryn.spackman@consultants.com,Director of Sales,Approval - Manager
EMP006217,Annabal,MacCague,annabal.maccague@consultants.com,Sales Assistant,Contract Entry
EMP006227,Elwood,Brindley,elwood.brindley@consultants.com,Sales Assistant,Contract Entry
EMP006238,Hubey,Ganford,hubey.ganford@consultants.com,Sales Assistant,Contract Entry
EMP006274,Johny,McHardy,johny.mchardy@consultants.com,Account Manager,Account Admin
EMP006279,Cory,Stennings,cory.stennings@consultants.com,Sales Assistant,Contract Entry
EMP006309,Armstrong,Munroe,armstrong.munroe@consultants.com,Sales Assistant,Contract Entry
EMP006372,Halette,MacRirie,halette.macririe@consultants.com,Account Manager,Account Admin
EMP006453,Josephina,Easby,josephina.easby@consultants.com,Director of Sales,Approval - Manager
EMP006471,Melisandra,Kyston,melisandra.kyston@consultants.com,Account Manager,Account Admin
EMP006493,Trumaine,Swatman,trumaine.swatman@consultants.com,Account Manager,Account Admin
EMP006513,Sigmund,Georg,sigmund.georg@consultants.com,Sales Assistant,Contract Entry
EMP006529,Denna,Gotobed,denna.gotobed@consultants.com,Account Manager,Account Admin
EMP006643,Yetta,Fouch,yetta.fouch@consultants.com,Account Manager,Account Admin
EMP006689,Carole,Dyers,carole.dyers@consultants.com,Sales Assistant,Contract Entry
EMP006694,Sven,Caesar,sven.caesar@consultants.com,Director of Sales,Approval - Manager
EMP006700,Enriqueta,Quilkin,enriqueta.quilkin@consultants.com,Sales Assistant,Contract Entry
EMP006715,Johna,Boniface,johna.boniface@consultants.com,Sales Assistant,Contract Entry
EMP006775,Sheffield,Bowhey,sheffield.bowhey@consultants.com,Account Manager,Account Admin
EMP006806,Gherardo,Pyke,gherardo.pyke@consultants.com,Account Manager,Account Admin
EMP006812,Leshia,Sheran,leshia.sheran@consultants.com,Sales Assistant,Contract Entry
EMP006820,Janey,Devany,janey.devany@consultants.com,Sales Assistant,Contract Entry
EMP006825,Boycey,MacGaughy,boycey.macgaughy@consultants.com,Account Manager,Account Admin
EMP006826,Paxon,Battell,paxon.battell@consultants.com,Sales Assistant,Contract Entry
EMP006842,Karly,Coppock.,karly.coppock.@consultants.com,Sales Assistant,Contract Entry
EMP006855,Isobel,Revie,isobel.revie@consultants.com,Sales Assistant,Contract Entry
EMP006873,Pat,Allaway,pat.allaway@consultants.com,Sales Assistant,Contract Entry
EMP006874,Dione,Kowal,dione.kowal@consultants.com,Sales Assistant,Contract Entry
EMP006887,Barbara-anne,Grishin,barbara-anne.grishin@consultants.com,Account Manager,Account Admin
EMP006956,Anson,Yakubov,anson.yakubov@consultants.com,Director of Sales,Approval - Manager
EMP006963,Ward,Stokell,ward.stokell@consultants.com,Account Manager,Account Admin
EMP006982,Danielle,Jenny,danielle.jenny@consultants.com,Sales Assistant,Contract Entry
EMP006998,Reidar,Plenty,reidar.plenty@consultants.com,Sales Assistant,Contract Entry
EMP007023,Valentia,Dobson,valentia.dobson@consultants.com,Sales Assistant,Contract Entry
EMP007048,Guenevere,Lasham,guenevere.lasham@consultants.com,Account Manager,Account Admin
EMP007088,Donny,Gonzalez,donny.gonzalez@consultants.com,Sales Assistant,Contract Entry
EMP007112,Olly,Cheater,olly.cheater@consultants.com,Account Manager,Account Admin
EMP007126,Ken,Morais,ken.morais@consultants.com,Sales Assistant,Contract Entry
EMP007163,Laraine,Noye,laraine.noye@consultants.com,Account Manager,Account Admin
EMP007223,Roana,Stother,roana.stother@consultants.com,Account Manager,Account Admin
EMP007224,Mord,Kelley,mord.kelley@consultants.com,Sales Assistant,Contract Entry
EMP007284,Lanae,Munn,lanae.munn@consultants.com,Sales Assistant,Contract Entry
EMP007316,Leela,Cheeld,leela.cheeld@consultants.com,Sales Assistant,Contract Entry
EMP007319,Phylis,Brundell,phylis.brundell@consultants.com,Account Manager,Account Admin
EMP007342,Aldon,Patron,aldon.patron@consultants.com,Director of Sales,Approval - Manager
EMP007345,Broderic,Drohun,broderic.drohun@consultants.com,Director of Sales,Approval - Manager
EMP007360,Bengt,Baxandall,bengt.baxandall@consultants.com,Sales Assistant,Contract Entry
EMP007404,Alex,Elders,alex.elders@consultants.com,Sales Assistant,Contract Entry
EMP007430,Nannette,Mulvey,nannette.mulvey@consultants.com,Account Manager,Account Admin
EMP007470,Brander,Trevaskus,brander.trevaskus@consultants.com,Account Manager,Account Admin
EMP007471,Darcy,Bevar,darcy.bevar@consultants.com,Sales Assistant,Contract Entry
EMP007489,Inglis,Burbudge,inglis.burbudge@consultants.com,Account Manager,Account Admin
EMP007497,Hasheem,Gayton,hasheem.gayton@consultants.com,Sales Assistant,Contract Entry
EMP007524,Danni,Hebborn,danni.hebborn@consultants.com,Director of Sales,Approval - Manager
EMP007529,Benjamen,O'Hearn,benjamen.o'hearn@consultants.com,Sales Assistant,Contract Entry
EMP007550,Kennan,Theriot,kennan.theriot@consultants.com,Account Manager,Account Admin
EMP007568,Henrietta,Gilbey,henrietta.gilbey@consultants.com,Sales Assistant,Contract Entry
EMP007577,Eada,Lisett,eada.lisett@consultants.com,Sales Assistant,Contract Entry
EMP007582,Grace,Macilhench,grace.macilhench@consultants.com,Account Manager,Account Admin
EMP007600,Burgess,Mirrlees,burgess.mirrlees@consultants.com,Sales Assistant,Contract Entry
EMP007640,Shep,Moriarty,shep.moriarty@consultants.com,Director of Sales,Approval - Manager
EMP007655,Karlotte,Pinshon,karlotte.pinshon@consultants.com,Director of Sales,Approval - Manager
EMP007677,Raphael,Ritzman,raphael.ritzman@consultants.com,Director of Sales,Approval - Manager
EMP007717,Rheta,Birbeck,rheta.birbeck@consultants.com,Account Manager,Account Admin
EMP007720,Marve,Dykins,marve.dykins@consultants.com,Sales Assistant,Contract Entry
EMP007726,Fernande,Plastow,fernande.plastow@consultants.com,Account Manager,Account Admin
EMP007757,Elissa,Kleinfeld,elissa.kleinfeld@consultants.com,Director of Sales,Approval - Manager
EMP007773,Barry,Corder,barry.corder@consultants.com,Director of Sales,Approval - Manager
EMP007804,Philippe,Comiskey,philippe.comiskey@consultants.com,Account Manager,Account Admin
EMP007872,Osbourne,Jacmard,osbourne.jacmard@consultants.com,Director of Sales,Approval - Manager
EMP007886,Korney,Riteley,korney.riteley@consultants.com,Account Manager,Account Admin
EMP007937,Millie,Cottham,millie.cottham@consultants.com,Sales Assistant,Contract Entry
EMP007966,Maurits,Vallis,maurits.vallis@consultants.com,Account Manager,Account Admin
EMP007984,Cherri,Kohneke,cherri.kohneke@consultants.com,Account Manager,Account Admin
EMP008036,Philly,Ciabatteri,philly.ciabatteri@consultants.com,Account Manager,Account Admin
EMP008059,Jennine,Saiens,jennine.saiens@consultants.com,Sales Assistant,Contract Entry
EMP008074,Ned,Benninger,ned.benninger@consultants.com,Sales Assistant,Contract Entry
EMP008094,Kerstin,Himpson,kerstin.himpson@consultants.com,Account Manager,Account Admin
EMP008117,Joleen,Kirstein,joleen.kirstein@consultants.com,Account Manager,Account Admin
EMP008146,Godwin,Pavolini,godwin.pavolini@consultants.com,Sales Assistant,Contract Entry
EMP008171,Cecelia,Blackaller,cecelia.blackaller@consultants.com,Sales Assistant,Contract Entry
EMP008192,Jillie,Decayette,jillie.decayette@consultants.com,Account Manager,Account Admin
EMP008202,Vida,Gaine,vida.gaine@consultants.com,Sales Assistant,Contract Entry
EMP008228,Stacee,Jervis,stacee.jervis@consultants.com,Account Manager,Account Admin
EMP008236,Corrie,Job,corrie.job@consultants.com,Account Manager,Account Admin
EMP008258,Meggy,Amery,meggy.amery@consultants.com,Account Manager,Account Admin
EMP008267,Sallyanne,Keiling,sallyanne.keiling@consultants.com,Account Manager,Account Admin
EMP008270,Laura,Egell,laura.egell@consultants.com,Account Manager,Account Admin
EMP008314,Krista,Skarin,krista.skarin@consultants.com,Sales Assistant,Contract Entry
EMP008338,Nickolai,Longbothom,nickolai.longbothom@consultants.com,Sales Assistant,Contract Entry
EMP008347,Mignonne,Cowitz,mignonne.cowitz@consultants.com,Sales Assistant,Contract Entry
EMP008420,Madison,Yurygyn,madison.yurygyn@consultants.com,Director of Sales,Approval - Manager
EMP008421,Lorene,Dutson,lorene.dutson@consultants.com,Director of Sales,Approval - Manager
EMP008451,Roxanna,Dungay,roxanna.dungay@consultants.com,Director of Sales,Approval - Manager
EMP008458,Tami,Deporte,tami.deporte@consultants.com,Sales Assistant,Contract Entry
EMP008472,Cleon,Colley,cleon.colley@consultants.com,Account Manager,Account Admin
EMP008479,Ade,Menelaws,ade.menelaws@consultants.com,Sales Assistant,Contract Entry
EMP008499,Tiphanie,Iacovuzzi,tiphanie.iacovuzzi@consultants.com,Account Manager,Account Admin
EMP008520,Tana,Conochie,tana.conochie@consultants.com,Director of Sales,Approval - Manager
EMP008539,Jacquie,Fridlington,jacquie.fridlington@consultants.com,Director of Sales,Approval - Manager
EMP008562,Chilton,Antonovic,chilton.antonovic@consultants.com,Sales Assistant,Contract Entry
EMP008588,Leonerd,Augar,leonerd.augar@consultants.com,Account Manager,Account Admin
EMP008607,Angeli,Chalice,angeli.chalice@consultants.com,Account Manager,Account Admin
EMP008613,Delora,Morton,delora.morton@consultants.com,Account Manager,Account Admin
EMP008640,Abramo,Kightly,abramo.kightly@consultants.com,Sales Assistant,Contract Entry
EMP008657,Cami,Tanslie,cami.tanslie@consultants.com,Account Manager,Account Admin
EMP008677,Frederic,Hockey,frederic.hockey@consultants.com,Account Manager,Account Admin
EMP008774,Suzanne,Strick,suzanne.strick@consultants.com,Sales Assistant,Contract Entry
EMP008808,Reuben,McAlarney,reuben.mcalarney@consultants.com,Sales Assistant,Contract Entry
EMP008825,Ari,Headland,ari.headland@consultants.com,Sales Assistant,Contract Entry
EMP008890,Christyna,Farres,christyna.farres@consultants.com,Account Manager,Account Admin
EMP008893,Jorrie,Scottrell,jorrie.scottrell@consultants.com,Sales Assistant,Contract Entry
EMP008897,Fabe,Venart,fabe.venart@consultants.com,Sales Assistant,Contract Entry
EMP008913,Erhart,Ashborn,erhart.ashborn@consultants.com,Account Manager,Account Admin
EMP008945,Byrle,Lipson,byrle.lipson@consultants.com,Sales Assistant,Contract Entry
EMP008977,Carson,Akast,carson.akast@consultants.com,Account Manager,Account Admin
EMP009016,Nanny,Halfhead,nanny.halfhead@consultants.com,Sales Assistant,Contract Entry
EMP009080,Amaleta,Poser,amaleta.poser@consultants.com,Account Manager,Account Admin
EMP009091,Quintilla,Wegenen,quintilla.wegenen@consultants.com,Account Manager,Account Admin
EMP009099,Quill,Foale,quill.foale@consultants.com,Director of Sales,Approval - Manager
EMP009143,Timoteo,Lavery,timoteo.lavery@consultants.com,Account Manager,Account Admin
EMP009153,Horst,Headley,horst.headley@consultants.com,Sales Assistant,Contract Entry
EMP009160,Stormie,Lortz,stormie.lortz@consultants.com,Sales Assistant,Contract Entry
EMP009214,Rahal,Monkhouse,rahal.monkhouse@consultants.com,Account Manager,Account Admin
EMP009217,Arthur,Abbyss,arthur.abbyss@consultants.com,Account Manager,Account Admin
EMP009234,Terese,Kunzler,terese.kunzler@consultants.com,Account Manager,Account Admin
EMP009237,Jessie,McPolin,jessie.mcpolin@consultants.com,Sales Assistant,Contract Entry
EMP009241,Bryn,Goodayle,bryn.goodayle@consultants.com,Sales Assistant,Contract Entry
EMP009261,Carlota,Aingell,carlota.aingell@consultants.com,Sales Assistant,Contract Entry
EMP009279,Burnard,Colliber,burnard.colliber@consultants.com,Account Manager,Account Admin
EMP009312,Yance,Wintour,yance.wintour@consultants.com,Sales Assistant,Contract Entry
EMP009354,Selig,Whittek,selig.whittek@consultants.com,Director of Sales,Approval - Manager
EMP009396,Morganne,Kesteven,morganne.kesteven@consultants.com,Sales Assistant,Contract Entry
EMP009398,Melody,Braitling,melody.braitling@consultants.com,Sales Assistant,Contract Entry
EMP009400,Robinet,Filippazzo,robinet.filippazzo@consultants.com,Account Manager,Account Admin
EMP009416,Fidela,Valerio,fidela.valerio@consultants.com,Account Manager,Account Admin
EMP009433,Joelynn,Spelling,joelynn.spelling@consultants.com,Sales Assistant,Contract Entry
EMP009485,Sanford,De'Vere - Hunt,sanford.de'vere - hunt@consultants.com,Account Manager,Account Admin
EMP009493,Giulietta,Nevins,giulietta.nevins@consultants.com,Sales Assistant,Contract Entry
EMP009502,Arturo,Lagden,arturo.lagden@consultants.com,Account Manager,Account Admin
EMP009504,Giraldo,Loynes,giraldo.loynes@consultants.com,Account Manager,Account Admin
EMP009505,Immanuel,Rochford,immanuel.rochford@consultants.com,Account Manager,Account Admin
EMP009509,Marthena,Hynam,marthena.hynam@consultants.com,Sales Assistant,Contract Entry
EMP009556,Carolee,Assiter,carolee.assiter@consultants.com,Account Manager,Account Admin
EMP009585,Theo,Craghead,theo.craghead@consultants.com,Account Manager,Account Admin
EMP009600,Nonna,Laurens,nonna.laurens@consultants.com,Sales Assistant,Contract Entry
EMP009649,Archibald,Reihm,archibald.reihm@consultants.com,Account Manager,Account Admin
EMP009699,Laird,Roelvink,laird.roelvink@consultants.com,Sales Assistant,Contract Entry
EMP009722,Wernher,Olsen,wernher.olsen@consultants.com,Account Manager,Account Admin
EMP009758,Chet,Casellas,chet.casellas@consultants.com,Account Manager,Account Admin
EMP009773,Kenn,Boddy,kenn.boddy@consultants.com,Account Manager,Account Admin
EMP009789,Hermia,Boutton,hermia.boutton@consultants.com,Sales Assistant,Contract Entry
EMP009802,Georgeanna,MacGiany,georgeanna.macgiany@consultants.com,Account Manager,Account Admin
EMP009841,Sidney,Edgcumbe,sidney.edgcumbe@consultants.com,Sales Assistant,Contract Entry
EMP009866,Shelby,Christoffe,shelby.christoffe@consultants.com,Account Manager,Account Admin
EMP009879,Valentino,Mattiacci,valentino.mattiacci@consultants.com,Director of Sales,Approval - Manager
EMP009889,Salvidor,Faich,salvidor.faich@consultants.com,Sales Assistant,Contract Entry
EMP009903,Amber,Ainscow,amber.ainscow@consultants.com,Sales Assistant,Contract Entry
EMP009905,Lara,Apfler,lara.apfler@consultants.com,Sales Assistant,Contract Entry
EMP009913,Brady,Enderwick,brady.enderwick@consultants.com,Account Manager,Account Admin
EMP009917,Yul,Muscat,yul.muscat@consultants.com,Sales Assistant,Contract Entry
EMP009925,Gianni,Dootson,gianni.dootson@consultants.com,Sales Assistant,Contract Entry
EMP009998,Meriel,Purves,meriel.purves@consultants.com,Sales Assistant,Contract Entry
EMP010054,Udall,Brixey,udall.brixey@consultants.com,Account Manager,Account Admin
EMP010061,Tulley,Britney,tulley.britney@consultants.com,Sales Assistant,Contract Entry
EMP010155,Lucretia,Figgen,lucretia.figgen@consultants.com,Sales Assistant,Contract Entry
EMP010172,Fiann,MacCorley,fiann.maccorley@consultants.com,Account Manager,Account Admin
EMP010184,Meryl,Grammer,meryl.grammer@consultants.com,Director of Sales,Approval - Manager
EMP010186,Lynett,Magauran,lynett.magauran@consultants.com,Sales Assistant,Contract Entry
EMP010197,Valentine,Wheowall,valentine.wheowall@consultants.com,Account Manager,Account Admin
EMP010206,Ephrem,Buckland,ephrem.buckland@consultants.com,Sales Assistant,Contract Entry
EMP010215,Carver,Grennan,carver.grennan@consultants.com,Director of Sales,Approval - Manager
EMP010230,Web,Heims,web.heims@consultants.com,Account Manager,Account Admin
EMP010236,Abe,Totman,abe.totman@consultants.com,Sales Assistant,Contract Entry
EMP010241,Maybelle,Phlippi,maybelle.phlippi@consultants.com,Sales Assistant,Contract Entry
EMP010271,Waldemar,Tamplin,waldemar.tamplin@consultants.com,Sales Assistant,Contract Entry
EMP010275,Silva,Spowart,silva.spowart@consultants.com,Sales Assistant,Contract Entry
EMP010276,Bartlet,Waterstone,bartlet.waterstone@consultants.com,Account Manager,Account Admin
EMP010293,Zacherie,Mityakov,zacherie.mityakov@consultants.com,Account Manager,Account Admin
EMP010312,Warden,Starie,warden.starie@consultants.com,Director of Sales,Approval - Manager
EMP010323,Burlie,Whitelaw,burlie.whitelaw@consultants.com,Sales Assistant,Contract Entry
EMP010346,Quillan,Leggate,quillan.leggate@consultants.com,Sales Assistant,Contract Entry
EMP010358,Ulrikaumeko,Oehme,ulrikaumeko.oehme@consultants.com,Account Manager,Account Admin
EMP010360,Gwenora,Huske,gwenora.huske@consultants.com,Director of Sales,Approval - Manager
EMP010366,Arlyne,Lott,arlyne.lott@consultants.com,Sales Assistant,Contract Entry
EMP010369,Meggy,Hayhow,meggy.hayhow@consultants.com,Director of Sales,Approval - Manager
EMP010385,Odessa,Smewin,odessa.smewin@consultants.com,Sales Assistant,Contract Entry
EMP010427,Celie,Cannan,celie.cannan@consultants.com,Account Manager,Account Admin
EMP010454,Ellette,Ricard,ellette.ricard@consultants.com,Account Manager,Account Admin
EMP010460,Kaycee,Jannaway,kaycee.jannaway@consultants.com,Sales Assistant,Contract Entry
EMP010474,Aridatha,Heningam,aridatha.heningam@consultants.com,Account Manager,Account Admin
EMP010476,Juanita,Barrington,juanita.barrington@consultants.com,Sales Assistant,Contract Entry
EMP010492,Keri,Atley,keri.atley@consultants.com,Sales Assistant,Contract Entry
EMP010538,Merwyn,Grisedale,merwyn.grisedale@consultants.com,Account Manager,Account Admin
EMP010542,Korney,Oleshunin,korney.oleshunin@consultants.com,Account Manager,Account Admin
EMP010556,Gilberte,Lantiff,gilberte.lantiff@consultants.com,Account Manager,Account Admin
EMP010633,Paloma,Gopsell,paloma.gopsell@consultants.com,Director of Sales,Approval - Manager
EMP010637,Willetta,Tricker,willetta.tricker@consultants.com,Sales Assistant,Contract Entry
EMP010662,Moria,Bourdice,moria.bourdice@consultants.com,Account Manager,Account Admin
EMP010665,Jesse,Gatman,jesse.gatman@consultants.com,Account Manager,Account Admin
EMP010693,Dahlia,Agius,dahlia.agius@consultants.com,Account Manager,Account Admin
EMP010717,Theobald,Mussolini,theobald.mussolini@consultants.com,Account Manager,Account Admin
EMP010789,Kara,Cowely,kara.cowely@consultants.com,Account Manager,Account Admin
EMP010792,Reggis,Beddoe,reggis.beddoe@consultants.com,Account Manager,Account Admin
EMP010809,Galina,Mauger,galina.mauger@consultants.com,Account Manager,Account Admin
EMP010851,Jaclin,Gerrelt,jaclin.gerrelt@consultants.com,Account Manager,Account Admin
EMP010864,Hodge,Riccardo,hodge.riccardo@consultants.com,Sales Assistant,Contract Entry
EMP010883,Aretha,Tailby,aretha.tailby@consultants.com,Account Manager,Account Admin
EMP010891,Charlton,Dawtre,charlton.dawtre@consultants.com,Account Manager,Account Admin
EMP010896,Price,Kettlesing,price.kettlesing@consultants.com,Sales Assistant,Contract Entry
EMP010915,Mellie,Hackey,mellie.hackey@consultants.com,Sales Assistant,Contract Entry
EMP010938,Bria,Stopp,bria.stopp@consultants.com,Sales Assistant,Contract Entry
EMP010987,Marena,Iannini,marena.iannini@consultants.com,Account Manager,Account Admin
EMP010989,Porter,Harrald,porter.harrald@consultants.com,Account Manager,Account Admin
EMP010997,Leanora,Ricks,leanora.ricks@consultants.com,Sales Assistant,Contract Entry
EMP011002,Harriette,Madoc-Jones,harriette.madoc-jones@consultants.com,Account Manager,Account Admin
EMP011075,Garrek,Sewley,garrek.sewley@consultants.com,Account Manager,Account Admin
EMP011079,Shirlee,Giacobo,shirlee.giacobo@consultants.com,Sales Assistant,Contract Entry
EMP011092,Olvan,Andriolli,olvan.andriolli@consultants.com,Sales Assistant,Contract Entry
EMP011099,Fielding,Fitkin,fielding.fitkin@consultants.com,Sales Assistant,Contract Entry
EMP011112,Phebe,Bulleyn,phebe.bulleyn@consultants.com,Director of Sales,Approval - Manager
EMP011121,Feliks,Steers,feliks.steers@consultants.com,Account Manager,Account Admin
EMP011122,Nestor,Pancost,nestor.pancost@consultants.com,Sales Assistant,Contract Entry
EMP011154,Clerkclaude,Atthow,clerkclaude.atthow@consultants.com,Account Manager,Account Admin
EMP011160,Corrianne,Pothbury,corrianne.pothbury@consultants.com,Sales Assistant,Contract Entry
EMP011167,Carolyn,Fouracres,carolyn.fouracres@consultants.com,Account Manager,Account Admin
EMP011176,Valdemar,Athelstan,valdemar.athelstan@consultants.com,Account Manager,Account Admin
EMP011186,Mischa,Fowley,mischa.fowley@consultants.com,Account Manager,Account Admin
EMP011211,Beverie,Monks,beverie.monks@consultants.com,Director of Sales,Approval - Manager
EMP011250,Bryanty,Corselles,bryanty.corselles@consultants.com,Account Manager,Account Admin
EMP011264,Amalita,Rustman,amalita.rustman@consultants.com,Sales Assistant,Contract Entry
EMP011285,Ches,Wiffler,ches.wiffler@consultants.com,Account Manager,Account Admin
EMP011293,Deb,De Freyne,deb.de freyne@consultants.com,Sales Assistant,Contract Entry
EMP011305,Hyacintha,Adamiec,hyacintha.adamiec@consultants.com,Director of Sales,Approval - Manager
EMP011323,Tildie,Collingwood,tildie.collingwood@consultants.com,Sales Assistant,Contract Entry
EMP011336,Daphna,Eliff,daphna.eliff@consultants.com,Account Manager,Account Admin
EMP011342,Aurelie,Montes,aurelie.montes@consultants.com,Account Manager,Account Admin
EMP011372,Claiborne,Rowet,claiborne.rowet@consultants.com,Director of Sales,Approval - Manager
EMP011446,Arleen,Sissel,arleen.sissel@consultants.com,Sales Assistant,Contract Entry
EMP011450,Roy,Skeeles,roy.skeeles@consultants.com,Sales Assistant,Contract Entry
EMP011464,Maryellen,Carle,maryellen.carle@consultants.com,Sales Assistant,Contract Entry
EMP011480,Celinda,Hamblen,celinda.hamblen@consultants.com,Sales Assistant,Contract Entry
EMP011546,Christy,Aberdalgy,christy.aberdalgy@consultants.com,Sales Assistant,Contract Entry
EMP011599,Brnaba,Marson,brnaba.marson@consultants.com,Sales Assistant,Contract Entry
EMP011625,Antony,Owlner,antony.owlner@consultants.com,Account Manager,Account Admin
EMP011657,Torrence,Umfrey,torrence.umfrey@consultants.com,Account Manager,Account Admin
EMP011672,Tades,Abramowitch,tades.abramowitch@consultants.com,Account Manager,Account Admin
EMP011702,Emiline,Grimston,emiline.grimston@consultants.com,Sales Assistant,Contract Entry
EMP011708,Emylee,Tibald,emylee.tibald@consultants.com,Account Manager,Account Admin
EMP011774,Iago,Farnham,iago.farnham@consultants.com,Sales Assistant,Contract Entry
EMP011778,Marget,Thowless,marget.thowless@consultants.com,Sales Assistant,Contract Entry
EMP011790,Margret,Hursey,margret.hursey@consultants.com,Account Manager,Account Admin
EMP011858,Currey,Waldie,currey.waldie@consultants.com,Account Manager,Account Admin
EMP011866,Eloise,Hirche,eloise.hirche@consultants.com,Sales Assistant,Contract Entry
EMP011869,Robinet,Diano,robinet.diano@consultants.com,Sales Assistant,Contract Entry
EMP011877,Yelena,Saer,yelena.saer@consultants.com,Account Manager,Account Admin
EMP011883,Sabina,Killough,sabina.killough@consultants.com,Sales Assistant,Contract Entry
EMP011897,Cloris,Bernardt,cloris.bernardt@consultants.com,Account Manager,Account Admin
EMP011950,Kirbie,Legerwood,kirbie.legerwood@consultants.com,Sales Assistant,Contract Entry
EMP011975,Marcella,Handyside,marcella.handyside@consultants.com,Sales Assistant,Contract Entry
EMP012003,Alec,Hatry,alec.hatry@consultants.com,Sales Assistant,Contract Entry
EMP012065,Karlis,Bartoloma,karlis.bartoloma@consultants.com,Account Manager,Account Admin
EMP012103,Latia,Sawtell,latia.sawtell@consultants.com,Sales Assistant,Contract Entry
EMP012104,Agneta,Tremollet,agneta.tremollet@consultants.com,Account Manager,Account Admin
EMP012126,Wilhelmine,Cerman,wilhelmine.cerman@consultants.com,Sales Assistant,Contract Entry
EMP012142,Cirstoforo,Leppard,cirstoforo.leppard@consultants.com,Account Manager,Account Admin
EMP012156,Syman,Randerson,syman.randerson@consultants.com,Sales Assistant,Contract Entry
EMP012172,Tomlin,Bowering,tomlin.bowering@consultants.com,Sales Assistant,Contract Entry
EMP012176,Eugenius,Teodorski,eugenius.teodorski@consultants.com,Director of Sales,Approval - Manager
EMP012181,Gustie,McKain,gustie.mckain@consultants.com,Sales Assistant,Contract Entry
EMP012189,Ronald,Rampage,ronald.rampage@consultants.com,Sales Assistant,Contract Entry
EMP012198,Honor,Eary,honor.eary@consultants.com,Director of Sales,Approval - Manager
EMP012211,Vitoria,Dews,vitoria.dews@consultants.com,Director of Sales,Approval - Manager
EMP012272,Carlos,Hardiman,carlos.hardiman@consultants.com,Sales Assistant,Contract Entry
EMP012278,Jeddy,McClymond,jeddy.mcclymond@consultants.com,Sales Assistant,Contract Entry
EMP012296,Gil,Riolfi,gil.riolfi@consultants.com,Sales Assistant,Contract Entry
EMP012306,Rudiger,Leneham,rudiger.leneham@consultants.com,Account Manager,Account Admin
EMP012327,Aeriel,McOmish,aeriel.mcomish@consultants.com,Sales Assistant,Contract Entry
EMP012347,Kale,Dubique,kale.dubique@consultants.com,Sales Assistant,Contract Entry
EMP012360,Christie,Driuzzi,christie.driuzzi@consultants.com,Sales Assistant,Contract Entry
EMP012409,Gabby,Smelley,gabby.smelley@consultants.com,Account Manager,Account Admin
EMP012422,Inigo,Morsom,inigo.morsom@consultants.com,Sales Assistant,Contract Entry
EMP012435,Adolph,Scrivenor,adolph.scrivenor@consultants.com,Director of Sales,Approval - Manager
EMP012456,Gretta,Pauletti,gretta.pauletti@consultants.com,Account Manager,Account Admin
EMP012465,Lon,Kenton,lon.kenton@consultants.com,Account Manager,Account Admin
EMP012479,Penny,Tiddeman,penny.tiddeman@consultants.com,Sales Assistant,Contract Entry
EMP012529,Adela,Pettiford,adela.pettiford@consultants.com,Account Manager,Account Admin
EMP012542,Sean,Yeiles,sean.yeiles@consultants.com,Account Manager,Account Admin
EMP012560,Doralia,Thomkins,doralia.thomkins@consultants.com,Account Manager,Account Admin
EMP012606,Ameline,Davioud,ameline.davioud@consultants.com,Account Manager,Account Admin
EMP012626,Edmund,Kernley,edmund.kernley@consultants.com,Director of Sales,Approval - Manager
EMP012646,Clare,Follacaro,clare.follacaro@consultants.com,Sales Assistant,Contract Entry
EMP012667,Hermia,Leibold,hermia.leibold@consultants.com,Sales Assistant,Contract Entry
EMP012683,Itch,Gouldstone,itch.gouldstone@consultants.com,Director of Sales,Approval - Manager
EMP012771,Jobyna,Pixton,jobyna.pixton@consultants.com,Director of Sales,Approval - Manager
EMP012783,Elston,Cloke,elston.cloke@consultants.com,Sales Assistant,Contract Entry
EMP012822,Jamal,Cammiemile,jamal.cammiemile@consultants.com,Account Manager,Account Admin
EMP012836,Drusi,Braizier,drusi.braizier@consultants.com,Sales Assistant,Contract Entry
EMP012926,Mitchael,Lalevee,mitchael.lalevee@consultants.com,Director of Sales,Approval - Manager
EMP012961,Alika,Croser,alika.croser@consultants.com,Director of Sales,Approval - Manager
EMP012972,Phaidra,Iley,phaidra.iley@consultants.com,Sales Assistant,Contract Entry
EMP013022,Christiana,Axelby,christiana.axelby@consultants.com,Director of Sales,Approval - Manager
EMP013049,Alaric,Morefield,alaric.morefield@consultants.com,Sales Assistant,Contract Entry
EMP013105,Wandis,Myall,wandis.myall@consultants.com,Sales Assistant,Contract Entry
EMP013130,Rodolfo,Scripture,rodolfo.scripture@consultants.com,Account Manager,Account Admin
EMP013156,Ingeberg,Capeloff,ingeberg.capeloff@consultants.com,Account Manager,Account Admin
EMP013179,Brockie,McCalister,brockie.mccalister@consultants.com,Account Manager,Account Admin
EMP013210,Daisy,Quernel,daisy.quernel@consultants.com,Director of Sales,Approval - Manager
EMP013216,Cyndie,Authers,cyndie.authers@consultants.com,Sales Assistant,Contract Entry
EMP013241,Atalanta,Edward,atalanta.edward@consultants.com,Director of Sales,Approval - Manager
EMP013261,Reiko,Burnsyde,reiko.burnsyde@consultants.com,Director of Sales,Approval - Manager
EMP013312,Audi,Addington,audi.addington@consultants.com,Sales Assistant,Contract Entry
EMP013369,Clayson,Dudny,clayson.dudny@consultants.com,Sales Assistant,Contract Entry
EMP013448,Geralda,Heberden,geralda.heberden@consultants.com,Sales Assistant,Contract Entry
EMP013466,Colby,Lamblot,colby.lamblot@consultants.com,Sales Assistant,Contract Entry
EMP013560,Laurianne,Healey,laurianne.healey@consultants.com,Sales Assistant,Contract Entry
EMP013574,Lorens,Nodin,lorens.nodin@consultants.com,Account Manager,Account Admin
EMP013578,Sephira,Throughton,sephira.throughton@consultants.com,Director of Sales,Approval - Manager
EMP013589,Curran,Smyth,curran.smyth@consultants.com,Account Manager,Account Admin
EMP013598,Darby,Robshaw,darby.robshaw@consultants.com,Account Manager,Account Admin
EMP013636,Zak,Pieters,zak.pieters@consultants.com,Sales Assistant,Contract Entry
EMP013646,Nancey,Dineges,nancey.dineges@consultants.com,Sales Assistant,Contract Entry
EMP013668,Enrique,Warlock,enrique.warlock@consultants.com,Sales Assistant,Contract Entry
EMP013682,Gizela,Bardell,gizela.bardell@consultants.com,Account Manager,Account Admin
EMP013688,Kara-lynn,Darcey,kara-lynn.darcey@consultants.com,Sales Assistant,Contract Entry
EMP013704,Therine,Emmert,therine.emmert@consultants.com,Account Manager,Account Admin
EMP013748,Reta,Talkington,reta.talkington@consultants.com,Sales Assistant,Contract Entry
EMP013788,Cullie,Kyle,cullie.kyle@consultants.com,Sales Assistant,Contract Entry
EMP013856,Tomaso,Schirach,tomaso.schirach@consultants.com,Director of Sales,Approval - Manager
EMP013864,Athena,Mixon,athena.mixon@consultants.com,Sales Assistant,Contract Entry
EMP013867,Noelyn,Bustin,noelyn.bustin@consultants.com,Account Manager,Account Admin
EMP013886,Siffre,Janaud,siffre.janaud@consultants.com,Account Manager,Account Admin
EMP013889,Hugibert,Birtwhistle,hugibert.birtwhistle@consultants.com,Account Manager,Account Admin
EMP013984,Willey,Harbach,willey.harbach@consultants.com,Director of Sales,Approval - Manager
EMP014015,Pavla,Newbury,pavla.newbury@consultants.com,Account Manager,Account Admin
EMP014058,Robenia,Celle,robenia.celle@consultants.com,Sales Assistant,Contract Entry
EMP014096,Shelly,Cecchetelli,shelly.cecchetelli@consultants.com,Account Manager,Account Admin
EMP014132,Wylie,Wardlow,wylie.wardlow@consultants.com,Sales Assistant,Contract Entry
EMP014148,Saxe,Bungey,saxe.bungey@consultants.com,Account Manager,Account Admin
EMP014165,Noah,Franciotti,noah.franciotti@consultants.com,Sales Assistant,Contract Entry
EMP014177,Mikaela,Meindl,mikaela.meindl@consultants.com,Account Manager,Account Admin
EMP014208,Eddie,Nutting,eddie.nutting@consultants.com,Account Manager,Account Admin
EMP014219,Randy,Angless,randy.angless@consultants.com,Account Manager,Account Admin
EMP014234,Byran,Stearley,byran.stearley@consultants.com,Director of Sales,Approval - Manager
EMP014240,Gran,Johnstone,gran.johnstone@consultants.com,Sales Assistant,Contract Entry
EMP014262,Northrup,Bowen,northrup.bowen@consultants.com,Account Manager,Account Admin
EMP014275,Clotilda,Dauney,clotilda.dauney@consultants.com,Account Manager,Account Admin
EMP014304,Justen,McGettigan,justen.mcgettigan@consultants.com,Sales Assistant,Contract Entry
EMP014331,Webster,Willicott,webster.willicott@consultants.com,Sales Assistant,Contract Entry
EMP014374,Merilyn,Sabbin,merilyn.sabbin@consultants.com,Account Manager,Account Admin
EMP014392,Auria,Brockley,auria.brockley@consultants.com,Sales Assistant,Contract Entry
EMP014433,Nicol,Casine,nicol.casine@consultants.com,Account Manager,Account Admin
EMP014435,Carmelia,Artingstall,carmelia.artingstall@consultants.com,Account Manager,Account Admin
EMP014442,Brantley,Beadham,brantley.beadham@consultants.com,Account Manager,Account Admin
EMP014467,Berne,Klugman,berne.klugman@consultants.com,Sales Assistant,Contract Entry
EMP014474,Barbi,Isaksen,barbi.isaksen@consultants.com,Account Manager,Account Admin
EMP014520,Randie,Rowan,randie.rowan@consultants.com,Director of Sales,Approval - Manager
EMP014536,Lefty,Edgcumbe,lefty.edgcumbe@consultants.com,Sales Assistant,Contract Entry
EMP014552,Westleigh,Natte,westleigh.natte@consultants.com,Account Manager,Account Admin
EMP014636,Lukas,Van der Hoven,lukas.van der hoven@consultants.com,Account Manager,Account Admin
EMP014663,Hadlee,Stucke,hadlee.stucke@consultants.com,Account Manager,Account Admin
EMP014674,Holmes,Classen,holmes.classen@consultants.com,Account Manager,Account Admin
EMP014713,Ora,Kerans,ora.kerans@consultants.com,Sales Assistant,Contract Entry
EMP014737,Storm,Revelle,storm.revelle@consultants.com,Sales Assistant,Contract Entry
EMP014746,Wilma,Fearns,wilma.fearns@consultants.com,Account Manager,Account Admin
EMP014760,Patrizia,Novill,patrizia.novill@consultants.com,Sales Assistant,Contract Entry
EMP014762,Mozelle,Drohun,mozelle.drohun@consultants.com,Account Manager,Account Admin
EMP014775,Minnaminnie,Tratton,minnaminnie.tratton@consultants.com,Account Manager,Account Admin
EMP014824,Cindi,Hubeaux,cindi.hubeaux@consultants.com,Account Manager,Account Admin
EMP014873,Antonie,Connolly,antonie.connolly@consultants.com,Sales Assistant,Contract Entry
EMP014886,Kaleb,Rome,kaleb.rome@consultants.com,Sales Assistant,Contract Entry
EMP014892,Jordon,Dibben,jordon.dibben@consultants.com,Sales Assistant,Contract Entry
EMP014901,Sasha,Lillegard,sasha.lillegard@consultants.com,Account Manager,Account Admin
EMP014930,Cookie,Lund,cookie.lund@consultants.com,Sales Assistant,Contract Entry
EMP014936,Bo,Davydzenko,bo.davydzenko@consultants.com,Sales Assistant,Contract Entry
EMP014954,Chaddie,Writtle,chaddie.writtle@consultants.com,Sales Assistant,Contract Entry
EMP014956,Krissy,Rumens,krissy.rumens@consultants.com,Director of Sales,Approval - Manager
EMP014997,Finlay,Limbert,finlay.limbert@consultants.com,Sales Assistant,Contract Entry
EMP015001,Chloe,Chantree,chloe.chantree@consultants.com,Sales Assistant,Contract Entry
EMP015017,Coretta,Pengilley,coretta.pengilley@consultants.com,Sales Assistant,Contract Entry
EMP015053,Jeane,Stuke,jeane.stuke@consultants.com,Sales Assistant,Contract Entry
EMP015061,Sergent,Batie,sergent.batie@consultants.com,Sales Assistant,Contract Entry
EMP015131,Glen,Blaskett,glen.blaskett@consultants.com,Director of Sales,Approval - Manager
EMP015139,Berthe,Clausen-Thue,berthe.clausen-thue@consultants.com,Sales Assistant,Contract Entry
EMP015152,Crystal,Pawlett,crystal.pawlett@consultants.com,Account Manager,Account Admin
EMP015179,Erinn,Ayris,erinn.ayris@consultants.com,Account Manager,Account Admin
EMP015214,Giralda,St Clair,giralda.st clair@consultants.com,Sales Assistant,Contract Entry
EMP015242,Trey,Lewendon,trey.lewendon@consultants.com,Sales Assistant,Contract Entry
EMP015250,Ilene,Oldis,ilene.oldis@consultants.com,Account Manager,Account Admin
EMP015278,Jaimie,Gouny,jaimie.gouny@consultants.com,Account Manager,Account Admin
EMP015333,Lucius,Scales,lucius.scales@consultants.com,Account Manager,Account Admin
EMP015364,Maia,Stitson,maia.stitson@consultants.com,Sales Assistant,Contract Entry
EMP015380,Valaria,Dulling,valaria.dulling@consultants.com,Sales Assistant,Contract Entry
EMP015392,Kellby,Reubbens,kellby.reubbens@consultants.com,Sales Assistant,Contract Entry
EMP015452,Emyle,Songust,emyle.songust@consultants.com,Account Manager,Account Admin
EMP015483,Lindsy,Mitcham,lindsy.mitcham@consultants.com,Sales Assistant,Contract Entry
EMP015492,Ashlan,Root,ashlan.root@consultants.com,Sales Assistant,Contract Entry
EMP015498,Roshelle,MacAlees,roshelle.macalees@consultants.com,Account Manager,Account Admin
EMP015556,Austina,Human,austina.human@consultants.com,Director of Sales,Approval - Manager
EMP015575,Galven,Flower,galven.flower@consultants.com,Account Manager,Account Admin
EMP015584,Chad,Coysh,chad.coysh@consultants.com,Account Manager,Account Admin
EMP015603,Pegeen,Lamplugh,pegeen.lamplugh@consultants.com,Sales Assistant,Contract Entry
EMP015618,Euell,Tytcomb,euell.tytcomb@consultants.com,Sales Assistant,Contract Entry
EMP015619,Florry,Bonnick,florry.bonnick@consultants.com,Account Manager,Account Admin
EMP015627,Jo,Keeves,jo.keeves@consultants.com,Sales Assistant,Contract Entry
EMP015646,Bourke,Karpushkin,bourke.karpushkin@consultants.com,Sales Assistant,Contract Entry
EMP015651,Way,Sawforde,way.sawforde@consultants.com,Account Manager,Account Admin
EMP015682,Eleanora,Amsberger,eleanora.amsberger@consultants.com,Sales Assistant,Contract Entry
EMP015709,Candra,Swatheridge,candra.swatheridge@consultants.com,Sales Assistant,Contract Entry
EMP015731,Standford,Coton,standford.coton@consultants.com,Sales Assistant,Contract Entry
EMP015766,Clarine,Pressey,clarine.pressey@consultants.com,Account Manager,Account Admin
EMP015788,Jeremie,Van Halle,jeremie.van halle@consultants.com,Sales Assistant,Contract Entry
EMP015791,Faun,Hubbocks,faun.hubbocks@consultants.com,Director of Sales,Approval - Manager
EMP015819,Ulises,Morais,ulises.morais@consultants.com,Account Manager,Account Admin
EMP015830,Jase,Sima,jase.sima@consultants.com,Sales Assistant,Contract Entry
EMP015862,Rosemarie,Willes,rosemarie.willes@consultants.com,Sales Assistant,Contract Entry
EMP015863,Marcelia,Raiker,marcelia.raiker@consultants.com,Account Manager,Account Admin
EMP015915,Emmalyn,Pattesall,emmalyn.pattesall@consultants.com,Account Manager,Account Admin
EMP015950,Andreas,Focke,andreas.focke@consultants.com,Sales Assistant,Contract Entry
EMP015957,Allie,Metzel,allie.metzel@consultants.com,Sales Assistant,Contract Entry
EMP015966,Menard,Diviny,menard.diviny@consultants.com,Sales Assistant,Contract Entry
EMP015974,Ferris,Clemon,ferris.clemon@consultants.com,Sales Assistant,Contract Entry
EMP016034,Bartram,Shrimpton,bartram.shrimpton@consultants.com,Account Manager,Account Admin
EMP016046,Jemmie,Hellwich,jemmie.hellwich@consultants.com,Sales Assistant,Contract Entry
EMP016062,Adrianne,Felgat,adrianne.felgat@consultants.com,Sales Assistant,Contract Entry
EMP016079,Ruy,Burhouse,ruy.burhouse@consultants.com,Director of Sales,Approval - Manager
EMP016084,Tod,Tethacot,tod.tethacot@consultants.com,Sales Assistant,Contract Entry
EMP016087,Major,Figgins,major.figgins@consultants.com,Account Manager,Account Admin
EMP016140,Scot,Slate,scot.slate@consultants.com,Account Manager,Account Admin
EMP016147,Chris,Klaaassen,chris.klaaassen@consultants.com,Sales Assistant,Contract Entry
EMP016162,Hunt,Levett,hunt.levett@consultants.com,Account Manager,Account Admin
EMP016177,Filmer,Eborall,filmer.eborall@consultants.com,Account Manager,Account Admin
EMP016194,Russ,Brickett,russ.brickett@consultants.com,Director of Sales,Approval - Manager
EMP016240,Maryanna,Ismay,maryanna.ismay@consultants.com,Sales Assistant,Contract Entry
EMP016246,Drona,Houchen,drona.houchen@consultants.com,Sales Assistant,Contract Entry
EMP016289,Vanny,Scane,vanny.scane@consultants.com,Sales Assistant,Contract Entry
EMP016303,Merell,Tavinor,merell.tavinor@consultants.com,Sales Assistant,Contract Entry
EMP016332,Brody,Heeron,brody.heeron@consultants.com,Account Manager,Account Admin
EMP016364,Shaw,Sneesbie,shaw.sneesbie@consultants.com,Director of Sales,Approval - Manager
EMP016365,Gaylene,Cudihy,gaylene.cudihy@consultants.com,Account Manager,Account Admin
EMP016383,Dela,Lishmund,dela.lishmund@consultants.com,Sales Assistant,Contract Entry
EMP016428,Flemming,Jerg,flemming.jerg@consultants.com,Sales Assistant,Contract Entry
EMP016454,Michel,Baldung,michel.baldung@consultants.com,Sales Assistant,Contract Entry
EMP016487,Erminie,Paylie,erminie.paylie@consultants.com,Sales Assistant,Contract Entry
EMP016499,Tyler,Ullrich,tyler.ullrich@consultants.com,Sales Assistant,Contract Entry
EMP016575,Blanca,Davisson,blanca.davisson@consultants.com,Sales Assistant,Contract Entry
EMP016586,Antony,Raselles,antony.raselles@consultants.com,Account Manager,Account Admin
EMP016630,Andrej,Mooring,andrej.mooring@consultants.com,Sales Assistant,Contract Entry
EMP016638,Misha,How,misha.how@consultants.com,Account Manager,Account Admin
EMP016654,Dionisio,Waszczyk,dionisio.waszczyk@consultants.com,Sales Assistant,Contract Entry
EMP016663,Hew,Sayles,hew.sayles@consultants.com,Sales Assistant,Contract Entry
EMP016666,Shay,Bragger,shay.bragger@consultants.com,Account Manager,Account Admin
EMP016669,Vaclav,Alders,vaclav.alders@consultants.com,Director of Sales,Approval - Manager
EMP016751,Isa,Attack,isa.attack@consultants.com,Sales Assistant,Contract Entry
EMP016761,Jo-anne,Barday,jo-anne.barday@consultants.com,Sales Assistant,Contract Entry
EMP016801,Gwennie,Brouard,gwennie.brouard@consultants.com,Sales Assistant,Contract Entry
EMP016834,Joey,Esmonde,joey.esmonde@consultants.com,Account Manager,Account Admin
EMP016849,Evvie,Kruszelnicki,evvie.kruszelnicki@consultants.com,Account Manager,Account Admin
EMP016867,Maurene,Challinor,maurene.challinor@consultants.com,Sales Assistant,Contract Entry
EMP016892,Hersh,Caudrelier,hersh.caudrelier@consultants.com,Sales Assistant,Contract Entry
EMP016906,Elsbeth,Palek,elsbeth.palek@consultants.com,Account Manager,Account Admin
EMP016927,Tiffanie,Chipps,tiffanie.chipps@consultants.com,Account Manager,Account Admin
EMP016942,Charla,Assandri,charla.assandri@consultants.com,Account Manager,Account Admin
EMP016963,Jeannine,Hannigan,jeannine.hannigan@consultants.com,Sales Assistant,Contract Entry
EMP017022,Maire,Henighan,maire.henighan@consultants.com,Account Manager,Account Admin
EMP017027,Zacherie,Tal,zacherie.tal@consultants.com,Sales Assistant,Contract Entry
EMP017039,Merrie,Bosden,merrie.bosden@consultants.com,Sales Assistant,Contract Entry
EMP017065,Barrie,Mines,barrie.mines@consultants.com,Sales Assistant,Contract Entry
EMP017122,Prentiss,Adkin,prentiss.adkin@consultants.com,Sales Assistant,Contract Entry
EMP017149,Aimee,Bodman,aimee.bodman@consultants.com,Account Manager,Account Admin
EMP017162,Maritsa,Wapple,maritsa.wapple@consultants.com,Director of Sales,Approval - Manager
EMP017209,Brooks,Libero,brooks.libero@consultants.com,Account Manager,Account Admin
EMP017219,Leonora,Kirtlan,leonora.kirtlan@consultants.com,Sales Assistant,Contract Entry
EMP017238,Luce,Erskine Sandys,luce.erskine sandys@consultants.com,Sales Assistant,Contract Entry
EMP017240,Tabitha,Kauschke,tabitha.kauschke@consultants.com,Sales Assistant,Contract Entry
EMP017250,Jacquelin,Claus,jacquelin.claus@consultants.com,Account Manager,Account Admin
EMP017263,Lazare,Challenor,lazare.challenor@consultants.com,Account Manager,Account Admin
EMP017303,Charmain,Redfearn,charmain.redfearn@consultants.com,Account Manager,Account Admin
EMP017349,Rhett,Adenot,rhett.adenot@consultants.com,Account Manager,Account Admin
EMP017354,Ximenes,Gotfrey,ximenes.gotfrey@consultants.com,Account Manager,Account Admin
EMP017409,Merry,Blodgetts,merry.blodgetts@consultants.com,Sales Assistant,Contract Entry
EMP017413,Harris,Everal,harris.everal@consultants.com,Sales Assistant,Contract Entry
EMP017421,Flint,Eastes,flint.eastes@consultants.com,Sales Assistant,Contract Entry
EMP017475,Antonia,Mounter,antonia.mounter@consultants.com,Sales Assistant,Contract Entry
EMP017499,Hortensia,Ingarfill,hortensia.ingarfill@consultants.com,Sales Assistant,Contract Entry
EMP017511,Nolana,Spier,nolana.spier@consultants.com,Sales Assistant,Contract Entry
EMP017522,Rossie,Pidgeley,rossie.pidgeley@consultants.com,Account Manager,Account Admin
EMP017532,Stewart,Sapshed,stewart.sapshed@consultants.com,Account Manager,Account Admin
EMP017547,Janel,Bariball,janel.bariball@consultants.com,Account Manager,Account Admin
EMP017568,Ester,Akitt,ester.akitt@consultants.com,Director of Sales,Approval - Manager
EMP017591,Delphine,Schinetti,delphine.schinetti@consultants.com,Sales Assistant,Contract Entry
EMP017595,Binnie,Bramble,binnie.bramble@consultants.com,Account Manager,Account Admin
EMP017609,Heindrick,Buesnel,heindrick.buesnel@consultants.com,Director of Sales,Approval - Manager
EMP017615,Sophie,Issacoff,sophie.issacoff@consultants.com,Sales Assistant,Contract Entry
EMP017655,Rebbecca,Pluvier,rebbecca.pluvier@consultants.com,Director of Sales,Approval - Manager
EMP017672,Ingram,Pleasance,ingram.pleasance@consultants.com,Sales Assistant,Contract Entry
EMP017684,Gabbie,Radbourn,gabbie.radbourn@consultants.com,Sales Assistant,Contract Entry
EMP017689,Rici,Batchelor,rici.batchelor@consultants.com,Sales Assistant,Contract Entry
EMP017693,Merrel,Maciunas,merrel.maciunas@consultants.com,Sales Assistant,Contract Entry
EMP017721,Val,McMylor,val.mcmylor@consultants.com,Account Manager,Account Admin
EMP017734,Vanessa,Olivia,vanessa.olivia@consultants.com,Director of Sales,Approval - Manager
EMP017749,Annette,Curran,annette.curran@consultants.com,Sales Assistant,Contract Entry
EMP017779,Lynnelle,O'Boyle,lynnelle.o'boyle@consultants.com,Director of Sales,Approval - Manager
EMP017792,Wallis,Huddart,wallis.huddart@consultants.com,Director of Sales,Approval - Manager
EMP017804,Lucy,Kinchlea,lucy.kinchlea@consultants.com,Account Manager,Account Admin
EMP017838,Sarette,Beakes,sarette.beakes@consultants.com,Sales Assistant,Contract Entry
EMP017881,Ardelia,Willden,ardelia.willden@consultants.com,Sales Assistant,Contract Entry
EMP017887,Packston,Janczewski,packston.janczewski@consultants.com,Sales Assistant,Contract Entry
EMP017902,Sherry,Aldcorn,sherry.aldcorn@consultants.com,Director of Sales,Approval - Manager
EMP017908,Sofie,Orbine,sofie.orbine@consultants.com,Account Manager,Account Admin
EMP017942,Talyah,Tummons,talyah.tummons@consultants.com,Sales Assistant,Contract Entry
EMP017944,Lyndsay,Menauteau,lyndsay.menauteau@consultants.com,Account Manager,Account Admin
EMP017955,Denney,Stealy,denney.stealy@consultants.com,Sales Assistant,Contract Entry
EMP017956,Rivi,Limpricht,rivi.limpricht@consultants.com,Sales Assistant,Contract Entry
EMP017999,Christyna,Turland,christyna.turland@consultants.com,Sales Assistant,Contract Entry
EMP018007,Cozmo,Robertacci,cozmo.robertacci@consultants.com,Account Manager,Account Admin
EMP018025,Editha,Maben,editha.maben@consultants.com,Account Manager,Account Admin
EMP018033,Bradford,Costello,bradford.costello@consultants.com,Account Manager,Account Admin
EMP018094,Hall,Pattesall,hall.pattesall@consultants.com,Account Manager,Account Admin
EMP018128,Vally,Emmitt,vally.emmitt@consultants.com,Sales Assistant,Contract Entry
EMP018142,Noni,Layus,noni.layus@consultants.com,Account Manager,Account Admin
EMP018205,Nichols,Noble,nichols.noble@consultants.com,Account Manager,Account Admin
EMP018228,Bennett,Saward,bennett.saward@consultants.com,Sales Assistant,Contract Entry
EMP018294,Rhodie,Barraclough,rhodie.barraclough@consultants.com,Director of Sales,Approval - Manager
EMP018310,Nealson,Shoebrook,nealson.shoebrook@consultants.com,Sales Assistant,Contract Entry
EMP018335,Stavro,Hornig,stavro.hornig@consultants.com,Sales Assistant,Contract Entry
EMP018389,Letitia,Coultas,letitia.coultas@consultants.com,Sales Assistant,Contract Entry
EMP018406,Kelly,Losselyong,kelly.losselyong@consultants.com,Sales Assistant,Contract Entry
EMP018424,Gabriello,Belsham,gabriello.belsham@consultants.com,Sales Assistant,Contract Entry
EMP018431,Vaughan,Swinburn,vaughan.swinburn@consultants.com,Account Manager,Account Admin
EMP018433,Rey,Turle,rey.turle@consultants.com,Director of Sales,Approval - Manager
EMP018449,Orly,Rowntree,orly.rowntree@consultants.com,Account Manager,Account Admin
EMP018533,Jamey,de Nore,jamey.de nore@consultants.com,Sales Assistant,Contract Entry
EMP018583,Coleen,Banaszczyk,coleen.banaszczyk@consultants.com,Account Manager,Account Admin
EMP018635,Kristian,Brushneen,kristian.brushneen@consultants.com,Account Manager,Account Admin
EMP018708,Dorice,Blezard,dorice.blezard@consultants.com,Account Manager,Account Admin
EMP018762,Murielle,Vegas,murielle.vegas@consultants.com,Account Manager,Account Admin
EMP018788,Urbano,Czaple,urbano.czaple@consultants.com,Sales Assistant,Contract Entry
EMP018793,Garvin,Durbin,garvin.durbin@consultants.com,Sales Assistant,Contract Entry
EMP018854,Denni,Thirlwell,denni.thirlwell@consultants.com,Sales Assistant,Contract Entry
EMP018855,Zora,Di Claudio,zora.di claudio@consultants.com,Account Manager,Account Admin
EMP018866,Mace,Grebbin,mace.grebbin@consultants.com,Sales Assistant,Contract Entry
EMP018894,Myrilla,Pioli,myrilla.pioli@consultants.com,Sales Assistant,Contract Entry
EMP018945,Evangelia,Snowball,evangelia.snowball@consultants.com,Account Manager,Account Admin
EMP018958,Annmarie,Maud,annmarie.maud@consultants.com,Sales Assistant,Contract Entry
EMP019019,Jamesy,Hampe,jamesy.hampe@consultants.com,Director of Sales,Approval - Manager
EMP019026,Buddie,Jenman,buddie.jenman@consultants.com,Account Manager,Account Admin
EMP019087,Helaina,Clemas,helaina.clemas@consultants.com,Sales Assistant,Contract Entry
EMP019113,Paton,Etock,paton.etock@consultants.com,Sales Assistant,Contract Entry
EMP019164,Salomone,Benzing,salomone.benzing@consultants.com,Director of Sales,Approval - Manager
EMP019216,Chantal,Llywarch,chantal.llywarch@consultants.com,Sales Assistant,Contract Entry
EMP019239,Dag,Bygrave,dag.bygrave@consultants.com,Sales Assistant,Contract Entry
EMP019247,Zarla,Navaro,zarla.navaro@consultants.com,Sales Assistant,Contract Entry
EMP019274,Noble,Povall,noble.povall@consultants.com,Account Manager,Account Admin
EMP019293,Pauline,Pattingson,pauline.pattingson@consultants.com,Sales Assistant,Contract Entry
EMP019297,Andriette,Lemmen,andriette.lemmen@consultants.com,Sales Assistant,Contract Entry
EMP019311,Doyle,Firman,doyle.firman@consultants.com,Account Manager,Account Admin
EMP019341,Llywellyn,Keech,llywellyn.keech@consultants.com,Sales Assistant,Contract Entry
EMP019420,Yolane,Rustan,yolane.rustan@consultants.com,Account Manager,Account Admin
EMP019446,Bev,Tassell,bev.tassell@consultants.com,Sales Assistant,Contract Entry
EMP019458,Valida,MacTrustey,valida.mactrustey@consultants.com,Sales Assistant,Contract Entry
EMP019462,Cleavland,Shepheard,cleavland.shepheard@consultants.com,Sales Assistant,Contract Entry
EMP019473,Eolanda,Sigfrid,eolanda.sigfrid@consultants.com,Account Manager,Account Admin
EMP019493,Morganne,Cattlemull,morganne.cattlemull@consultants.com,Sales Assistant,Contract Entry
EMP019505,Goldy,Sawkin,goldy.sawkin@consultants.com,Account Manager,Account Admin
EMP019510,Blair,Gytesham,blair.gytesham@consultants.com,Account Manager,Account Admin
EMP019516,Paula,Rickett,paula.rickett@consultants.com,Sales Assistant,Contract Entry
EMP019534,Hermina,Mellows,hermina.mellows@consultants.com,Account Manager,Account Admin
EMP019573,Camella,Vigne,camella.vigne@consultants.com,Sales Assistant,Contract Entry
EMP019599,Jodie,Kiljan,jodie.kiljan@consultants.com,Sales Assistant,Contract Entry
EMP019651,Morgen,Marl,morgen.marl@consultants.com,Sales Assistant,Contract Entry
EMP019652,Barny,Quickfall,barny.quickfall@consultants.com,Sales Assistant,Contract Entry
EMP019666,Maxie,Tabert,maxie.tabert@consultants.com,Sales Assistant,Contract Entry
EMP019676,Ketty,Horley,ketty.horley@consultants.com,Sales Assistant,Contract Entry
EMP019702,Annissa,Moorey,annissa.moorey@consultants.com,Director of Sales,Approval - Manager
EMP019703,Maude,Pretley,maude.pretley@consultants.com,Sales Assistant,Contract Entry
EMP019709,Pia,Talby,pia.talby@consultants.com,Sales Assistant,Contract Entry
EMP019727,Horten,Burdass,horten.burdass@consultants.com,Sales Assistant,Contract Entry
EMP019728,Bernetta,Ballin,bernetta.ballin@consultants.com,Sales Assistant,Contract Entry
EMP019734,Doralia,Narey,doralia.narey@consultants.com,Sales Assistant,Contract Entry
EMP019760,Sibyl,Gerard,sibyl.gerard@consultants.com,Director of Sales,Approval - Manager
EMP019807,Karmen,Sutch,karmen.sutch@consultants.com,Account Manager,Account Admin
EMP019814,Nikolaus,Getsham,nikolaus.getsham@consultants.com,Director of Sales,Approval - Manager
EMP019816,Peadar,Morstatt,peadar.morstatt@consultants.com,Account Manager,Account Admin
EMP019830,Clarisse,Ortell,clarisse.ortell@consultants.com,Director of Sales,Approval - Manager
EMP019867,Crin,Petersen,crin.petersen@consultants.com,Sales Assistant,Contract Entry
EMP019894,Filberto,Poetz,filberto.poetz@consultants.com,Account Manager,Account Admin
EMP019904,Richardo,Fitzsymons,richardo.fitzsymons@consultants.com,Account Manager,Account Admin
EMP019934,Pansy,Birkby,pansy.birkby@consultants.com,Sales Assistant,Contract Entry
EMP019953,Tabbie,Tumbelty,tabbie.tumbelty@consultants.com,Sales Assistant,Contract Entry
EMP019975,Juliane,Doyle,juliane.doyle@consultants.com,Director of Sales,Approval - Manager
EMP019991,Carri,Marder,carri.marder@consultants.com,Sales Assistant,Contract Entry
EMP020029,Cornell,Kordas,cornell.kordas@consultants.com,Account Manager,Account Admin
EMP020037,Hayward,Antonsen,hayward.antonsen@consultants.com,Sales Assistant,Contract Entry
EMP020071,Osbert,Gamlyn,osbert.gamlyn@consultants.com,Sales Assistant,Contract Entry
EMP020090,Chandler,Eatttok,chandler.eatttok@consultants.com,Sales Assistant,Contract Entry
EMP020094,Kimball,Lammertz,kimball.lammertz@consultants.com,Account Manager,Account Admin
EMP020096,Dyane,Abels,dyane.abels@consultants.com,Sales Assistant,Contract Entry
EMP020100,Harlene,Gori,harlene.gori@consultants.com,Sales Assistant,Contract Entry
EMP020101,Elmira,McGaw,elmira.mcgaw@consultants.com,Sales Assistant,Contract Entry
EMP020103,Jackquelin,Mose,jackquelin.mose@consultants.com,Account Manager,Account Admin
EMP020105,Reena,Goreway,reena.goreway@consultants.com,Sales Assistant,Contract Entry
EMP020106,Evered,Scollick,evered.scollick@consultants.com,Account Manager,Account Admin
EMP020108,Chrissy,McIntee,chrissy.mcintee@consultants.com,Sales Assistant,Contract Entry
EMP020131,Selma,Storek,selma.storek@consultants.com,Account Manager,Account Admin
EMP020143,Nerissa,Drogan,nerissa.drogan@consultants.com,Sales Assistant,Contract Entry
EMP020160,Ichabod,Schultze,ichabod.schultze@consultants.com,Director of Sales,Approval - Manager
EMP020166,Bethanne,Shugg,bethanne.shugg@consultants.com,Account Manager,Account Admin
EMP020287,Halsy,Mounch,halsy.mounch@consultants.com,Account Manager,Account Admin
EMP020288,Aurlie,MacTerrelly,aurlie.macterrelly@consultants.com,Account Manager,Account Admin
EMP020322,Rubin,Dart,rubin.dart@consultants.com,Account Manager,Account Admin
EMP020345,Doyle,Stieger,doyle.stieger@consultants.com,Account Manager,Account Admin
EMP020355,Alexi,Gerler,alexi.gerler@consultants.com,Account Manager,Account Admin
EMP020358,Anette,Lauder,anette.lauder@consultants.com,Account Manager,Account Admin
EMP020360,Raphaela,Pearch,raphaela.pearch@consultants.com,Sales Assistant,Contract Entry
EMP020430,Nicoli,Kintish,nicoli.kintish@consultants.com,Sales Assistant,Contract Entry
EMP020450,Padraic,Ferrey,padraic.ferrey@consultants.com,Sales Assistant,Contract Entry
EMP020457,Lindi,Tschierse,lindi.tschierse@consultants.com,Account Manager,Account Admin
EMP020514,Gard,Quayle,gard.quayle@consultants.com,Account Manager,Account Admin
EMP020549,Nathan,Childes,nathan.childes@consultants.com,Sales Assistant,Contract Entry
EMP020566,Sybila,Hoggan,sybila.hoggan@consultants.com,Account Manager,Account Admin
EMP020601,Dudley,Ransome,dudley.ransome@consultants.com,Account Manager,Account Admin
EMP020607,Anny,Franzetti,anny.franzetti@consultants.com,Account Manager,Account Admin
EMP020614,Waldo,Kingerby,waldo.kingerby@consultants.com,Account Manager,Account Admin
EMP020659,Cecilio,Cowlishaw,cecilio.cowlishaw@consultants.com,Account Manager,Account Admin
EMP020660,Livia,Sleith,livia.sleith@consultants.com,Sales Assistant,Contract Entry
EMP020667,Vassily,Munning,vassily.munning@consultants.com,Sales Assistant,Contract Entry
EMP020672,Stanly,MacArthur,stanly.macarthur@consultants.com,Account Manager,Account Admin
EMP020679,Sheffy,Hritzko,sheffy.hritzko@consultants.com,Sales Assistant,Contract Entry
EMP020701,Enos,Pimblotte,enos.pimblotte@consultants.com,Account Manager,Account Admin
EMP020737,Gale,Vannini,gale.vannini@consultants.com,Director of Sales,Approval - Manager
EMP020745,Alex,Treverton,alex.treverton@consultants.com,Account Manager,Account Admin
EMP020758,Mamie,Hastings,mamie.hastings@consultants.com,Account Manager,Account Admin
EMP020770,Trude,Braven,trude.braven@consultants.com,Sales Assistant,Contract Entry
EMP020825,Tulley,Wivell,tulley.wivell@consultants.com,Sales Assistant,Contract Entry
EMP020830,Nev,Filipchikov,nev.filipchikov@consultants.com,Sales Assistant,Contract Entry
EMP020855,Noel,Huddlestone,noel.huddlestone@consultants.com,Account Manager,Account Admin
EMP020860,Jude,Joskowicz,jude.joskowicz@consultants.com,Account Manager,Account Admin
EMP020898,Alyosha,Elsey,alyosha.elsey@consultants.com,Sales Assistant,Contract Entry
EMP020931,Kassia,Apfelmann,kassia.apfelmann@consultants.com,Director of Sales,Approval - Manager
EMP020990,Evelin,Balducci,evelin.balducci@consultants.com,Account Manager,Account Admin
EMP021005,Marybelle,Berrie,marybelle.berrie@consultants.com,Account Manager,Account Admin
EMP021016,Ofelia,Oliff,ofelia.oliff@consultants.com,Account Manager,Account Admin
EMP021058,Mar,Fairn,mar.fairn@consultants.com,Account Manager,Account Admin
EMP021078,Amby,Jory,amby.jory@consultants.com,Sales Assistant,Contract Entry
EMP021091,Gillie,Rother,gillie.rother@consultants.com,Director of Sales,Approval - Manager
EMP021128,Madelle,Verecker,madelle.verecker@consultants.com,Account Manager,Account Admin
EMP021215,Lilas,Alban,lilas.alban@consultants.com,Director of Sales,Approval - Manager
EMP021261,Garv,Inchboard,garv.inchboard@consultants.com,Director of Sales,Approval - Manager
EMP021274,Bourke,Treverton,bourke.treverton@consultants.com,Sales Assistant,Contract Entry
EMP021281,Filbert,Bowle,filbert.bowle@consultants.com,Account Manager,Account Admin
EMP021284,Pavia,Leathlay,pavia.leathlay@consultants.com,Director of Sales,Approval - Manager
EMP021291,Corri,Gorring,corri.gorring@consultants.com,Sales Assistant,Contract Entry
EMP021303,Evaleen,Gerritzen,evaleen.gerritzen@consultants.com,Sales Assistant,Contract Entry
EMP021313,Catharina,Tippett,catharina.tippett@consultants.com,Account Manager,Account Admin
EMP021390,Lamar,Lounds,lamar.lounds@consultants.com,Sales Assistant,Contract Entry
EMP021413,Shaina,Lark,shaina.lark@consultants.com,Account Manager,Account Admin
EMP021534,Lauraine,Branscombe,lauraine.branscombe@consultants.com,Sales Assistant,Contract Entry
EMP021541,Beltran,Poole,beltran.poole@consultants.com,Account Manager,Account Admin
EMP021558,Joana,Woolfenden,joana.woolfenden@consultants.com,Sales Assistant,Contract Entry
EMP021577,Patrizia,Leate,patrizia.leate@consultants.com,Account Manager,Account Admin
EMP021592,Myrna,Colleton,myrna.colleton@consultants.com,Account Manager,Account Admin
EMP021621,Abbi,Tilt,abbi.tilt@consultants.com,Sales Assistant,Contract Entry
EMP021627,Bealle,Stichel,bealle.stichel@consultants.com,Account Manager,Account Admin
EMP021644,Zeke,Galbraith,zeke.galbraith@consultants.com,Account Manager,Account Admin
EMP021657,Brinna,Treadgall,brinna.treadgall@consultants.com,Sales Assistant,Contract Entry
EMP021713,Ardisj,Giurio,ardisj.giurio@consultants.com,Sales Assistant,Contract Entry
EMP021746,Chev,Ekell,chev.ekell@consultants.com,Sales Assistant,Contract Entry
EMP021763,Valerie,Leat,valerie.leat@consultants.com,Sales Assistant,Contract Entry
EMP021772,Norby,McKelloch,norby.mckelloch@consultants.com,Account Manager,Account Admin
EMP021786,Timmi,Reedshaw,timmi.reedshaw@consultants.com,Sales Assistant,Contract Entry
EMP021801,Karole,Anshell,karole.anshell@consultants.com,Account Manager,Account Admin
EMP021814,Tymon,Aldam,tymon.aldam@consultants.com,Sales Assistant,Contract Entry
EMP021823,Leland,Jenkinson,leland.jenkinson@consultants.com,Account Manager,Account Admin
EMP021844,Pauline,Lortzing,pauline.lortzing@consultants.com,Account Manager,Account Admin
EMP021858,Zak,Heddy,zak.heddy@consultants.com,Account Manager,Account Admin
EMP021874,Aurore,Wavish,aurore.wavish@consultants.com,Sales Assistant,Contract Entry
EMP021924,Wildon,Smurfit,wildon.smurfit@consultants.com,Sales Assistant,Contract Entry
EMP021933,Libbie,Bagguley,libbie.bagguley@consultants.com,Sales Assistant,Contract Entry
EMP021939,Sabra,Crigin,sabra.crigin@consultants.com,Sales Assistant,Contract Entry
EMP021972,Whitby,Frarey,whitby.frarey@consultants.com,Account Manager,Account Admin
EMP021986,Opalina,Cloute,opalina.cloute@consultants.com,Account Manager,Account Admin
EMP021998,Allissa,Curds,allissa.curds@consultants.com,Account Manager,Account Admin
EMP022014,Israel,Kolin,israel.kolin@consultants.com,Account Manager,Account Admin
EMP022038,Urbanus,Silby,urbanus.silby@consultants.com,Sales Assistant,Contract Entry
EMP022050,Aline,March,aline.march@consultants.com,Account Manager,Account Admin
EMP022057,Barnard,Jacobowits,barnard.jacobowits@consultants.com,Sales Assistant,Contract Entry
EMP022061,Mort,Kinkade,mort.kinkade@consultants.com,Account Manager,Account Admin
EMP022131,Eric,Witnall,eric.witnall@consultants.com,Director of Sales,Approval - Manager
EMP022134,Graig,Wainscot,graig.wainscot@consultants.com,Sales Assistant,Contract Entry
EMP022151,Jessee,Keitley,jessee.keitley@consultants.com,Sales Assistant,Contract Entry
EMP022171,Theodor,Stuffins,theodor.stuffins@consultants.com,Account Manager,Account Admin
EMP022251,Joey,Pristnor,joey.pristnor@consultants.com,Sales Assistant,Contract Entry
EMP022258,Ramsay,McCowan,ramsay.mccowan@consultants.com,Sales Assistant,Contract Entry
EMP022291,Addy,Wilby,addy.wilby@consultants.com,Account Manager,Account Admin
EMP022331,Wallie,Schott,wallie.schott@consultants.com,Sales Assistant,Contract Entry
EMP022361,Starlene,McCosh,starlene.mccosh@consultants.com,Account Manager,Account Admin
EMP022364,Sofia,Macci,sofia.macci@consultants.com,Account Manager,Account Admin
EMP022370,Spike,Brithman,spike.brithman@consultants.com,Account Manager,Account Admin
EMP022383,Alia,Von Der Empten,alia.von der empten@consultants.com,Sales Assistant,Contract Entry
EMP022407,Elnar,Iacovides,elnar.iacovides@consultants.com,Account Manager,Account Admin
EMP022424,Tadd,Chant,tadd.chant@consultants.com,Account Manager,Account Admin
EMP022429,Ramsey,Godleman,ramsey.godleman@consultants.com,Sales Assistant,Contract Entry
EMP022435,Tiffie,Copello,tiffie.copello@consultants.com,Sales Assistant,Contract Entry
EMP022486,Breena,Teese,breena.teese@consultants.com,Account Manager,Account Admin
EMP022488,Iggie,Ottiwill,iggie.ottiwill@consultants.com,Account Manager,Account Admin
EMP022489,Pauline,Dowman,pauline.dowman@consultants.com,Sales Assistant,Contract Entry
EMP022492,Starlin,Scrimshaw,starlin.scrimshaw@consultants.com,Sales Assistant,Contract Entry
EMP022495,Tracie,Welsby,tracie.welsby@consultants.com,Sales Assistant,Contract Entry
EMP022566,Kristofer,McClinton,kristofer.mcclinton@consultants.com,Account Manager,Account Admin
EMP022581,Benoit,De Matteis,benoit.de matteis@consultants.com,Account Manager,Account Admin
EMP022597,Traci,Siret,traci.siret@consultants.com,Account Manager,Account Admin
EMP022619,Jamil,Gilligan,jamil.gilligan@consultants.com,Account Manager,Account Admin
EMP022631,Saree,Hardware,saree.hardware@consultants.com,Sales Assistant,Contract Entry
EMP022666,Ruddie,McGlew,ruddie.mcglew@consultants.com,Sales Assistant,Contract Entry
EMP022676,Jerrylee,Kenafaque,jerrylee.kenafaque@consultants.com,Account Manager,Account Admin
EMP022678,Eula,Sappell,eula.sappell@consultants.com,Sales Assistant,Contract Entry
EMP022695,Artemas,Wardlaw,artemas.wardlaw@consultants.com,Sales Assistant,Contract Entry
EMP022698,Cassandre,Onraet,cassandre.onraet@consultants.com,Account Manager,Account Admin
EMP022699,Lorrie,Batsford,lorrie.batsford@consultants.com,Account Manager,Account Admin
EMP022728,Joycelin,Gaule,joycelin.gaule@consultants.com,Account Manager,Account Admin
EMP022752,Ree,Copozio,ree.copozio@consultants.com,Sales Assistant,Contract Entry
EMP022753,Tome,Heffernon,tome.heffernon@consultants.com,Sales Assistant,Contract Entry
EMP022774,Geri,Bizzey,geri.bizzey@consultants.com,Sales Assistant,Contract Entry
EMP022802,Kelwin,Bosman,kelwin.bosman@consultants.com,Account Manager,Account Admin
EMP022867,Hilton,Andrewartha,hilton.andrewartha@consultants.com,Account Manager,Account Admin
EMP022877,Padgett,Lynch,padgett.lynch@consultants.com,Account Manager,Account Admin
EMP022878,Walther,Derwin,walther.derwin@consultants.com,Sales Assistant,Contract Entry
EMP022888,Winfield,Scemp,winfield.scemp@consultants.com,Account Manager,Account Admin
EMP022893,Diandra,Picknett,diandra.picknett@consultants.com,Sales Assistant,Contract Entry
EMP022903,Ring,Stronach,ring.stronach@consultants.com,Sales Assistant,Contract Entry
EMP022936,Amalle,Jackson,amalle.jackson@consultants.com,Sales Assistant,Contract Entry
EMP022945,Barry,Chagg,barry.chagg@consultants.com,Account Manager,Account Admin
EMP022989,Hillary,Raspel,hillary.raspel@consultants.com,Sales Assistant,Contract Entry
EMP022993,Viole,Cogzell,viole.cogzell@consultants.com,Sales Assistant,Contract Entry
EMP022995,Corbett,Seven,corbett.seven@consultants.com,Account Manager,Account Admin
EMP023007,Marmaduke,Threadgould,marmaduke.threadgould@consultants.com,Sales Assistant,Contract Entry
EMP023018,Alysa,Colclough,alysa.colclough@consultants.com,Account Manager,Account Admin
EMP023033,Jordain,Izat,jordain.izat@consultants.com,Sales Assistant,Contract Entry
EMP023064,Elsie,Cavie,elsie.cavie@consultants.com,Sales Assistant,Contract Entry
EMP023069,Sandi,Nuschke,sandi.nuschke@consultants.com,Sales Assistant,Contract Entry
EMP023109,Deedee,Chippin,deedee.chippin@consultants.com,Account Manager,Account Admin
EMP023115,Nicolais,Avramow,nicolais.avramow@consultants.com,Account Manager,Account Admin
EMP023119,Jessey,Folker,jessey.folker@consultants.com,Account Manager,Account Admin
EMP023149,Torrie,Harefoot,torrie.harefoot@consultants.com,Sales Assistant,Contract Entry
EMP023152,Lisabeth,Cosgrove,lisabeth.cosgrove@consultants.com,Sales Assistant,Contract Entry
EMP023164,Bobinette,Sicily,bobinette.sicily@consultants.com,Sales Assistant,Contract Entry
EMP023169,Lane,Irlam,lane.irlam@consultants.com,Account Manager,Account Admin
EMP023178,Dur,Nand,dur.nand@consultants.com,Director of Sales,Approval - Manager
EMP023187,Aube,Dallmann,aube.dallmann@consultants.com,Account Manager,Account Admin
EMP023253,Cele,Feore,cele.feore@consultants.com,Account Manager,Account Admin
EMP023267,Nealson,Leaves,nealson.leaves@consultants.com,Account Manager,Account Admin
EMP023279,Kattie,Phebey,kattie.phebey@consultants.com,Sales Assistant,Contract Entry
EMP023280,Caspar,MacMillan,caspar.macmillan@consultants.com,Sales Assistant,Contract Entry
EMP023323,Erina,Mowne,erina.mowne@consultants.com,Sales Assistant,Contract Entry
EMP023365,Roanna,Esler,roanna.esler@consultants.com,Account Manager,Account Admin
EMP023383,Lyssa,Wride,lyssa.wride@consultants.com,Account Manager,Account Admin
EMP023414,Katti,Bing,katti.bing@consultants.com,Account Manager,Account Admin
EMP023428,Gibbie,Blackborough,gibbie.blackborough@consultants.com,Director of Sales,Approval - Manager
EMP023439,Reynolds,Hiscocks,reynolds.hiscocks@consultants.com,Sales Assistant,Contract Entry
EMP023454,Franzen,Gawke,franzen.gawke@consultants.com,Director of Sales,Approval - Manager
EMP023482,Dunstan,Edgars,dunstan.edgars@consultants.com,Account Manager,Account Admin
EMP023538,Jude,Gaunson,jude.gaunson@consultants.com,Sales Assistant,Contract Entry
EMP023577,Concettina,Pickersail,concettina.pickersail@consultants.com,Sales Assistant,Contract Entry
EMP023585,Upton,Latty,upton.latty@consultants.com,Account Manager,Account Admin
EMP023623,Robinet,Bourrel,robinet.bourrel@consultants.com,Sales Assistant,Contract Entry
EMP023674,Mikel,Mowlam,mikel.mowlam@consultants.com,Director of Sales,Approval - Manager
EMP023696,Candie,Purdon,candie.purdon@consultants.com,Sales Assistant,Contract Entry
EMP023702,Ray,Dzeniskevich,ray.dzeniskevich@consultants.com,Account Manager,Account Admin
EMP023724,Caprice,Gronauer,caprice.gronauer@consultants.com,Account Manager,Account Admin
EMP023743,Anet,Stamper,anet.stamper@consultants.com,Account Manager,Account Admin
EMP023755,Beauregard,Hext,beauregard.hext@consultants.com,Account Manager,Account Admin
EMP023814,Nestor,Waterhouse,nestor.waterhouse@consultants.com,Sales Assistant,Contract Entry
EMP023849,Sib,Raymond,sib.raymond@consultants.com,Account Manager,Account Admin
EMP023856,Zorana,Tarr,zorana.tarr@consultants.com,Sales Assistant,Contract Entry
EMP023866,Jeramey,Dondon,jeramey.dondon@consultants.com,Director of Sales,Approval - Manager
EMP023890,Talbert,Hackey,talbert.hackey@consultants.com,Sales Assistant,Contract Entry
EMP023891,Darcy,Towriss,darcy.towriss@consultants.com,Account Manager,Account Admin
EMP023909,Richart,Romer,richart.romer@consultants.com,Account Manager,Account Admin
EMP023910,Sandy,Greim,sandy.greim@consultants.com,Sales Assistant,Contract Entry
EMP023911,Constantine,Seath,constantine.seath@consultants.com,Sales Assistant,Contract Entry
EMP023912,Keir,Waleworke,keir.waleworke@consultants.com,Sales Assistant,Contract Entry
EMP023921,Ollie,Kinkead,ollie.kinkead@consultants.com,Sales Assistant,Contract Entry
EMP023926,Livvie,Sallan,livvie.sallan@consultants.com,Account Manager,Account Admin
EMP023928,Katuscha,Brame,katuscha.brame@consultants.com,Sales Assistant,Contract Entry
EMP023935,Ulrikaumeko,Plumridege,ulrikaumeko.plumridege@consultants.com,Director of Sales,Approval - Manager
EMP023945,Shea,Roston,shea.roston@consultants.com,Sales Assistant,Contract Entry
EMP023999,Merla,Siman,merla.siman@consultants.com,Account Manager,Account Admin
EMP024006,Tatiana,Ormrod,tatiana.ormrod@consultants.com,Account Manager,Account Admin
EMP024020,Demetris,Aylen,demetris.aylen@consultants.com,Account Manager,Account Admin
EMP024068,Celinka,Vasilic,celinka.vasilic@consultants.com,Director of Sales,Approval - Manager
EMP024078,Nefen,Wildbore,nefen.wildbore@consultants.com,Account Manager,Account Admin
EMP024086,Stan,Trattles,stan.trattles@consultants.com,Account Manager,Account Admin
EMP024117,Netti,Lebreton,netti.lebreton@consultants.com,Sales Assistant,Contract Entry
EMP024182,Ruthanne,Catonne,ruthanne.catonne@consultants.com,Sales Assistant,Contract Entry
EMP024191,Danny,Vinten,danny.vinten@consultants.com,Director of Sales,Approval - Manager
EMP024217,Jayme,Vondrasek,jayme.vondrasek@consultants.com,Account Manager,Account Admin
EMP024261,Ashleigh,Souness,ashleigh.souness@consultants.com,Account Manager,Account Admin
EMP024275,Rusty,Legrave,rusty.legrave@consultants.com,Sales Assistant,Contract Entry
EMP024294,Carlynn,Emmert,carlynn.emmert@consultants.com,Sales Assistant,Contract Entry
EMP024312,Ambros,Hackforth,ambros.hackforth@consultants.com,Account Manager,Account Admin
EMP024318,Malina,Rickardes,malina.rickardes@consultants.com,Account Manager,Account Admin
EMP024335,Livvyy,Spavins,livvyy.spavins@consultants.com,Account Manager,Account Admin
EMP024349,Roxy,Ludford,roxy.ludford@consultants.com,Sales Assistant,Contract Entry
EMP024369,Betteanne,Arpe,betteanne.arpe@consultants.com,Sales Assistant,Contract Entry
EMP024370,Moe,Ossipenko,moe.ossipenko@consultants.com,Sales Assistant,Contract Entry
EMP024403,D'arcy,Meader,d'arcy.meader@consultants.com,Sales Assistant,Contract Entry
EMP024410,Shena,Mapowder,shena.mapowder@consultants.com,Account Manager,Account Admin
EMP024419,Anette,Semrad,anette.semrad@consultants.com,Sales Assistant,Contract Entry
EMP024437,Tobin,Randlesome,tobin.randlesome@consultants.com,Sales Assistant,Contract Entry
EMP024501,Fedora,Belle,fedora.belle@consultants.com,Sales Assistant,Contract Entry
EMP024516,Jaquelin,Terney,jaquelin.terney@consultants.com,Sales Assistant,Contract Entry
EMP024546,Sandro,Keelinge,sandro.keelinge@consultants.com,Account Manager,Account Admin
EMP024551,Ravi,Dighton,ravi.dighton@consultants.com,Account Manager,Account Admin
EMP024588,Roda,Chalmers,roda.chalmers@consultants.com,Account Manager,Account Admin
EMP024596,Munroe,Shovel,munroe.shovel@consultants.com,Director of Sales,Approval - Manager
EMP024597,Jasper,Petri,jasper.petri@consultants.com,Account Manager,Account Admin
EMP024607,Felicity,Stockbridge,felicity.stockbridge@consultants.com,Sales Assistant,Contract Entry
EMP024613,Barbaraanne,Betteney,barbaraanne.betteney@consultants.com,Account Manager,Account Admin
EMP024621,Vinnie,Patise,vinnie.patise@consultants.com,Account Manager,Account Admin
EMP024624,Shelley,Gallyon,shelley.gallyon@consultants.com,Account Manager,Account Admin
EMP024643,Jamil,Price,jamil.price@consultants.com,Account Manager,Account Admin
EMP024677,Anastasia,Caudell,anastasia.caudell@consultants.com,Account Manager,Account Admin
EMP024686,Yorke,Tremathick,yorke.tremathick@consultants.com,Account Manager,Account Admin
EMP024699,Dosi,Brunetti,dosi.brunetti@consultants.com,Sales Assistant,Contract Entry
EMP024739,Winny,Santarelli,winny.santarelli@consultants.com,Sales Assistant,Contract Entry
EMP024740,Ebenezer,Worsnap,ebenezer.worsnap@consultants.com,Director of Sales,Approval - Manager
EMP024823,Toni,Wrates,toni.wrates@consultants.com,Sales Assistant,Contract Entry
EMP024862,Ronna,Meltetal,ronna.meltetal@consultants.com,Sales Assistant,Contract Entry
EMP024864,Kristina,Yakov,kristina.yakov@consultants.com,Sales Assistant,Contract Entry
EMP024885,Margarita,Habbergham,margarita.habbergham@consultants.com,Account Manager,Account Admin
EMP024890,Prescott,Southward,prescott.southward@consultants.com,Sales Assistant,Contract Entry
EMP024896,Raine,Learned,raine.learned@consultants.com,Account Manager,Account Admin
EMP024931,Frederique,Fant,frederique.fant@consultants.com,Account Manager,Account Admin
